date,t,kwh,dow,n_obs,coverage,observed,sub_kwh,year,doy,std_resid,ppp,lam,fitted,p_block
2006-12-17,1,56.507666666666665,6,1440,1.0,True,19.561,2006,351,,,1.0,37.87105987113241,
2006-12-18,2,36.73043333333333,0,1440,1.0,True,17.702,2006,352,-0.5243583404860239,0.311824588718087,1.1106350252917037,32.695933979042394,
2006-12-19,3,27.7699,1,1440,1.0,True,14.638,2006,353,-1.461424644900787,0.09973957656033354,0.844466229112586,34.4255599639252,
2006-12-20,4,37.0958,2,1440,1.0,True,16.711,2006,354,0.8774115326978059,0.7901555128035085,1.0376734863547608,34.71532216778674,
2006-12-21,5,28.6104,3,1438,0.9986111111111112,True,14.809,2006,355,-0.776447328667824,0.23575666957259153,1.0494048922904766,32.04947247102405,
2006-12-22,6,39.0223,4,1440,1.0,True,14.632,2006,356,1.190075688166483,0.8576809530459135,0.9307991234376095,33.66056039141897,
2006-12-23,7,79.55643333333335,5,1440,1.0,True,17.82,2006,357,7.04565636298889,0.9997172276122438,0.12429414842656115,38.25046316812697,
2006-12-24,8,42.5002,6,1440,1.0,True,13.676,2006,358,-1.9194502677060366,0.05571670726066254,0.7197471542924176,37.751126312619874,0.9975
2006-12-25,9,45.718666666666664,0,1440,1.0,True,14.377,2006,359,2.0441255717014433,0.9545015567939611,0.6694415215717163,32.5517654732585,0.998125
2006-12-26,10,65.5685,1,1440,1.0,True,18.598,2006,360,4.731606445952154,0.9980820764379217,0.24060210002004168,34.25766054482572,0.998125
2006-12-27,11,25.479333333333333,2,1440,1.0,True,7.29,2006,361,-3.71758049515793,0.005649106633532544,0.34794757964031303,34.524210262572744,0.996875
2006-12-28,12,34.54396666666666,3,1440,1.0,True,15.802,2006,362,1.0917861295282274,0.838676698281398,0.9899472796823829,31.835680189792647,0.995
2006-12-29,13,52.90653333333333,4,1440,1.0,True,17.743,2006,363,3.3087193976647478,0.9910631752165036,0.40388472605845893,33.424632804694525,0.998125
2006-12-30,14,46.48836666666667,5,1438,0.9986111111111112,True,23.443,2006,364,0.21682254217146185,0.5809332669693561,1.1677976682572626,37.992957573155216,0.999375
2006-12-31,15,58.2366,6,1440,1.0,True,6.849,2006,365,3.152130034285331,0.9891720864865099,0.4371115432825172,37.472611489323626,0.986875
2007-01-01,16,45.81673333333333,0,1440,1.0,True,6.232,2007,1,1.0408891913304148,0.8272820822872918,1.0072878658608533,32.25282093075899,0.983125
2007-01-02,17,21.153933333333335,1,1440,1.0,True,6.91,2007,2,-3.19963325389279,0.010238945397940812,0.4257886035030242,33.93887575944639,0.97875
2007-01-03,18,16.9009,2,1440,1.0,True,5.109,2007,3,-2.236923791718879,0.03524414897995523,0.6242204638733528,34.18618390825355,0.89875
2007-01-04,19,54.32353333333333,3,1440,1.0,True,19.544,2007,4,5.25399117094575,0.9988220481769526,0.2059470105310902,31.479019361841637,0.941875
2007-01-05,20,45.22273333333333,4,1440,1.0,True,9.464,2007,5,0.6476573985921356,0.7260260698940166,1.092580684395507,33.04995223782369,0.9575
2007-01-06,21,25.139633333333332,5,1440,1.0,True,7.416,2007,6,-3.049628704185068,0.012301298685943733,0.4628618677030317,37.600878854743534,0.85
2007-01-07,22,40.79366666666667,6,1440,1.0,True,22.974,2007,7,1.5043031105384566,0.9054390854343773,0.8453784281760455,37.0637622688539,0.885625
2007-01-08,23,37.356,0,1440,1.0,True,18.014,2007,8,0.742956747102922,0.7549178400109072,1.0685650613647886,31.827834126384552,0.851875
2007-01-09,24,31.1509,1,1440,1.0,True,15.745,2007,9,-0.7897154372098025,0.23228899240683162,1.0403489047824406,33.49838876264292,0.78375
2007-01-10,25,35.913333333333334,2,1440,1.0,True,16.239,2007,10,0.5525711391414592,0.6976870444477163,1.121176013574004,33.73083778751099,0.844375
2007-01-11,26,37.58656666666666,3,1440,1.0,True,15.963,2007,11,1.0319523605564795,0.8264338973598229,0.9662745436490513,31.009458066349335,0.96875
2007-01-12,27,24.354933333333335,4,1440,1.0,True,8.715,2007,12,-1.9153208521695324,0.05407258572083977,0.7120097767806146,32.566821802111484,0.8875
2007-01-13,28,53.113566666666664,5,1440,1.0,True,22.122,2007,13,3.421126512371056,0.9921648638950324,0.3847178703651298,37.10482660522029,0.77125
2007-01-14,29,50.130266666666664,6,1439,0.9993055555555556,True,18.967,2007,14,1.359232768812704,0.8853000816707791,0.8957626463402995,36.5554360332015,0.92625
2007-01-15,30,35.811299999999996,0,1440,1.0,True,18.501,2007,15,-0.10121204405230427,0.4617503315734165,1.1734299733745865,31.307881446745576,0.963125
2007-01-16,31,28.106733333333334,1,1440,1.0,True,9.29,2007,16,-1.1715670018161253,0.14555208433776207,0.9682783131557516,32.96745611354323,0.9675
2007-01-17,32,47.46146666666667,2,1440,1.0,True,25.301,2007,17,2.88819783118326,0.9849767955127627,0.47746347697800956,33.18956979944327,0.964375
2007-01-18,33,30.3577,3,1440,1.0,True,13.827,2007,18,-0.9761296566023594,0.18614608295602678,1.0115365335973912,30.458496755952467,0.98
2007-01-19,34,24.674,4,1440,1.0,True,9.605,2007,19,-1.3098487431337724,0.12160392336963545,0.8937277271109633,32.00680580984386,0.969375
2007-01-20,35,52.22886666666667,5,1440,1.0,True,20.986,2007,20,3.305408889466469,0.9910118485457835,0.4068006192788016,36.53639044144471,0.97625
2007-01-21,36,56.7877,6,1440,1.0,True,27.512,2007,21,2.6770813900412604,0.9802608801444838,0.5187464484700467,35.979209333567255,0.945625
2007-01-22,37,36.34156666666667,0,1440,1.0,True,15.398,2007,22,-0.3868583011054378,0.3580205024310291,1.1377400791598484,30.72448823774839,0.946875
2007-01-23,38,29.627333333333336,1,1440,1.0,True,6.125,2007,23,-0.8679819026360726,0.21185732950576863,1.0462761145667172,32.37751408913353,0.939375
2007-01-24,39,49.79756666666666,2,1440,1.0,True,17.688,2007,24,3.2721664583666334,0.9906522300453777,0.4124130880064331,32.59368960953183,0.948125
2007-01-25,40,26.605733333333333,3,1440,1.0,True,12.659,2007,25,-1.737630214346999,0.06900303939687127,0.7559839901025407,29.857281307652055,0.93
2007-01-26,41,26.9662,4,1440,1.0,True,9.662,2007,26,-0.5790062590735768,0.29366460976694836,1.1187306460319086,31.400849582268137,0.9375
2007-01-27,42,34.06786666666667,5,1440,1.0,True,17.44,2007,27,-0.03513860378049054,0.4866557166610376,1.176986974249594,35.92627881486593,0.945625
2007-01-28,43,51.503400000000006,6,1439,0.9993055555555556,True,19.508,2007,28,3.017137049625973,0.9872394337166341,0.4536262802779675,35.365517933719474,0.97625
2007-01-29,44,33.0444,0,1440,1.0,True,16.671,2007,29,-0.5540540839634851,0.30196419270818065,1.0910297053609974,30.10778229604336,0.981875
2007-01-30,45,28.4633,1,1440,1.0,True,10.696,2007,30,-0.7858501619026964,0.23322777172807163,1.0421681001828984,31.758347819529313,0.97625
2007-01-31,46,39.39586666666666,2,1440,1.0,True,21.002,2007,31,1.5554752263161529,0.9119549180565429,0.8083748625358567,31.972605602788036,0.963125
2007-02-01,47,30.412666666666667,3,1440,1.0,True,14.701,2007,32,-0.28753720787918335,0.3926771782152724,1.1545255953120068,29.23480994366265,0.946875
2007-02-02,48,27.7956,4,1440,1.0,True,11.694,2007,33,-0.6156995893836008,0.2822123072619632,1.106319221914746,30.777508461164416,0.95875
2007-02-03,49,67.16203333333334,5,1440,1.0,True,27.153,2007,34,5.911601874843166,0.9993320347714928,0.16736169644311302,35.30257220753708,0.96
2007-02-04,50,59.93233333333333,6,1440,1.0,True,22.46,2007,35,2.378106913235092,0.9703533142959815,0.595317887456622,34.741936252386466,0.98125
2007-02-05,51,27.421333333333333,0,1440,1.0,True,11.309,2007,36,-2.0575625098614694,0.04507241703205923,0.6756153352663387,29.484801585493532,0.988125
2007-02-06,52,21.224666666666668,1,1440,1.0,True,6.107,2007,37,-1.636501019238481,0.07882618089000505,0.8022931188414805,31.136429269593044,0.988125
2007-02-07,53,38.8003,2,1440,1.0,True,18.798,2007,38,2.0038194682707715,0.9518368029585388,0.683146020907443,31.352195082610702,0.985625
2007-02-08,54,30.023566666666667,3,1440,1.0,True,12.749,2007,39,-0.24803809311258912,0.4070412179839628,1.1403309460217133,28.616337558303886,0.99
2007-02-09,55,27.003300000000003,4,1440,1.0,True,12.815,2007,40,-0.6626129230033727,0.2680389264047426,1.0864902290632017,30.161388131020374,0.991875
2007-02-10,56,47.15546666666667,5,1440,1.0,True,22.307,2007,41,2.4471112972295956,0.9734527365510417,0.5896026086946949,34.68920127106073,0.98875
2007-02-11,57,59.52046666666667,6,1440,1.0,True,20.309,2007,42,3.7146214834285742,0.9944199196403268,0.35013917423319074,34.1316950925492,0.958125
2007-02-12,58,31.2935,0,1440,1.0,True,14.143,2007,43,-1.267922161562813,0.1295943738105874,0.9215976381534711,28.87805328039896,0.9625
2007-02-13,59,23.575766666666667,1,1440,1.0,True,9.084,2007,44,-1.407343126676671,0.10702714623159283,0.8741589520010166,30.53351926763175,0.97375
2007-02-14,60,41.644533333333335,2,1440,1.0,True,18.667,2007,45,2.4229232777482324,0.9725637624699961,0.5822452067350968,30.753450902504493,0.99875
2007-02-15,61,33.0891,3,1440,1.0,True,16.391,2007,46,0.1771380486380238,0.5666822484253484,1.1735504733165727,28.022068514368016,0.9975
2007-02-16,62,28.375466666666668,4,1440,1.0,True,10.696,2007,47,-0.5563790982947041,0.30076341330712103,1.0943791947560384,29.57188508393004,0.999375
2007-02-17,63,34.615199999999994,5,1440,1.0,True,11.148,2007,48,0.17245403172874643,0.5649036973155525,1.1725265286304056,34.10473640438714,0.998125
2007-02-18,64,63.82936666666667,6,1440,1.0,True,27.239,2007,49,5.392932748217361,0.9989616011736409,0.19282973695429972,33.552521715291675,0.994375
2007-02-19,65,36.44356666666667,0,1440,1.0,True,17.619,2007,50,-0.5696942504490144,0.29832494236463086,1.097266774296295,28.30440565571156,0.901875
2007-02-20,66,52.4988,1,1440,1.0,True,16.962,2007,51,3.4952785052059157,0.9928308532183793,0.3784274916531285,29.96561246790626,0.78125
2007-02-21,67,34.5479,2,1440,1.0,True,17.407,2007,52,-0.7265952587559695,0.25071028353917524,1.0891513675963507,30.191480690947255,0.671875
2007-02-22,68,56.15796666666667,3,1438,0.9986111111111112,True,17.789,2007,53,4.850494390390396,0.9982943857871414,0.22806319281458853,27.46621125316481,0.36875
2007-02-23,69,21.891333333333332,4,1440,1.0,True,11.289,2007,54,-3.2048112883156876,0.01026021506600869,0.4269034537987318,29.02229766907017,0.188125
2007-02-24,70,11.915366666666667,5,1440,1.0,True,3.925,2007,55,-3.4010761186153746,0.008030371593113303,0.3969361355091678,33.56155622718095,0.100625
2007-02-25,71,8.362333333333334,6,1440,1.0,True,1.989,2007,56,-2.967343644152283,0.013725264153359774,0.4713408100558445,33.01586665058128,0.03875
2007-02-26,72,9.474733333333337,0,1440,1.0,True,3.161,2007,57,-1.6241984460571546,0.08115404767008068,0.8008060240047052,27.774374076746064,0.01125
2007-02-27,73,8.6352,1,1440,1.0,True,2.238,2007,58,-2.5001379683728326,0.024923796967151718,0.5696469436213374,29.442283287817453,0.018125
2007-02-28,74,8.679566666666666,2,1440,1.0,True,2.313,2007,59,-2.3636964413784285,0.02995021292589326,0.587397876692703,29.674913430729816,0.00125
2007-03-01,75,8.626066666666667,3,1440,1.0,True,2.296,2007,60,-1.8778358273749274,0.057441777473230024,0.7150998387392611,26.956446136031726,0.001875
2007-03-02,76,8.5948,4,1440,1.0,True,2.309,2007,61,-2.3437878371104803,0.03062137888768216,0.5967867275082972,28.51935574102415,0.000625
2007-03-03,77,13.652033333333332,5,1440,1.0,True,4.944,2007,62,-2.142506734236118,0.04024986403569428,0.6359955108701252,33.06543950360844,0.0
2007-03-04,78,34.845,6,1440,1.0,True,19.595,2007,63,1.717938622251625,0.9287778200055601,0.7563672352884896,32.5265582886425,0.00625
2007-03-05,79,44.33886666666667,0,1440,1.0,True,27.862,2007,64,2.9028110053800025,0.9852907474100219,0.47782279070466754,27.29183857331102,0.06
2007-03-06,80,20.775,1,1440,1.0,True,6.44,2007,65,-2.6096022298579213,0.02153507202211554,0.5335490685352124,28.966466702652284,0.139375
2007-03-07,81,39.58676666666667,2,1440,1.0,True,21.35,2007,66,2.414630655021648,0.9722680362193015,0.5847910292097367,29.20574363462119,0.23
2007-03-08,82,26.2022,3,1440,1.0,True,12.22,2007,67,-0.7488377362022949,0.2433760237981109,1.0792202179087327,26.493833083498448,0.420625
2007-03-09,83,21.2102,4,1440,1.0,True,10.069,2007,68,-1.2105084967306177,0.13827616659147535,0.9327978318161331,28.06319176723926,0.65125
2007-03-10,84,41.41186666666667,5,1440,1.0,True,20.531,2007,69,2.037583477634267,0.9540633058106455,0.6787551349657588,32.61559964511934,0.81125
2007-03-11,85,58.0106,6,1440,1.0,True,17.73,2007,70,4.057911592466849,0.9961830168870491,0.30378271701862103,32.08290062745699,0.916875
2007-03-12,86,32.51113333333333,0,1440,1.0,True,16.597,2007,71,-0.7225057359165119,0.2520991292060164,1.0914939654082991,26.854204603879232,0.934375
2007-03-13,87,21.5024,1,1440,1.0,True,10.532,2007,72,-1.6376249304705655,0.07871530369576239,0.801475746864453,28.53468172125239,0.916875
2007-03-14,88,29.8894,2,1440,1.0,True,12.572,2007,73,0.6750768278874456,0.7353161230049288,1.0697616187902168,28.77961715062777,0.956875
2007-03-15,89,31.413566666666668,3,1440,1.0,True,14.299,2007,74,0.8827960021459276,0.7920480780290144,1.0124816928664222,26.07315925198624,0.950625
2007-03-16,90,28.36756666666667,4,1440,1.0,True,11.08,2007,75,-0.23068738798448216,0.41338350834086646,1.1409398534614592,27.647749842345288,0.95
2007-03-17,91,33.8015,5,1440,1.0,True,14.842,2007,76,0.2390996998389422,0.5895622200292223,1.1377177176717668,32.205154453567616,0.951875
2007-03-18,92,39.51743333333333,6,1440,1.0,True,19.789,2007,77,1.2987056698044972,0.876535167748085,0.9116639612917788,31.67720306162119,0.97
2007-03-19,93,35.8753,0,1440,1.0,True,18.452,2007,78,1.165897910147632,0.8533894484077859,0.9555129273352213,26.45299213373094,0.966875
2007-03-20,94,34.77046666666667,1,1440,1.0,True,17.837,2007,79,0.5594835665124489,0.6999668067112723,1.1149847077438608,28.13767892453161,0.950625
2007-03-21,95,35.70153333333334,2,1440,1.0,True,18.333,2007,80,0.870882118873002,0.7888465557460984,1.044816266244743,28.38653626053538,0.948125
2007-03-22,96,24.249633333333335,3,1440,1.0,True,11.551,2007,81,-0.747698559088276,0.24359660651526935,1.06961045856704,25.683700721689625,0.9675
2007-03-23,97,21.8168,4,1440,1.0,True,10.273,2007,82,-0.881190830813678,0.20834505594957087,1.0278711389028468,27.26160292555573,0.96
2007-03-24,98,49.47383333333333,5,1440,1.0,True,25.886,2007,83,3.5307964664182006,0.993117492806175,0.37137021266622466,31.821997800440048,0.94625
2007-03-25,99,55.602066666666666,6,1439,0.9993055555555556,True,17.588,2007,84,3.1733113787863716,0.9894229538861158,0.4301235221675597,31.29670532919858,0.984375
2007-03-26,100,23.601366666666667,0,1440,1.0,True,10.528,2007,85,-2.0708694376701344,0.044246691240748294,0.6755757405911572,26.07481261014543,0.99375
2007-03-27,101,18.419,1,1440,1.0,True,6.716,2007,86,-1.5061283142617665,0.09388154055860182,0.841266809537774,27.761468166150898,0.9925
2007-03-28,102,38.8983,2,1440,1.0,True,23.537,2007,87,2.5827884478949614,0.9777708580355134,0.5414419751777314,28.011936741232052,0.985
2007-03-29,103,26.506766666666667,3,1440,1.0,True,12.346,2007,88,-0.5156379556784696,0.3140312055745555,1.1296187233738602,25.310347493390076,0.985625
2007-03-30,104,23.373233333333335,4,1440,1.0,True,9.779,2007,89,-0.7117836229258093,0.25366718577767466,1.1052127032005228,26.88912428922488,0.994375
2007-03-31,105,58.49183333333334,5,1440,1.0,True,28.009,2007,90,5.084709620470256,0.9986286914054773,0.2132169693656033,31.450015986625314,0.996875
2007-04-01,106,46.43253333333333,6,1440,1.0,True,29.539,2007,91,0.9664675899250399,0.8102060902308951,1.002014062856324,30.92483718726201,0.97875
2007-04-02,107,32.679633333333335,0,1440,1.0,True,19.366,2007,92,0.21339998579442201,0.5800098815611257,1.157693719873205,25.702670305293214,0.896875
2007-04-03,108,27.380333333333333,1,1440,1.0,True,12.309,2007,93,-0.4667819205685956,0.33019018827035085,1.1282163708726876,27.388659883362227,0.8675
2007-04-04,109,34.1978,2,1440,1.0,True,18.602,2007,94,1.1811372463329564,0.856301296016249,0.9520231972355395,27.6380673951824,0.839375
2007-04-05,110,30.73463333333333,3,1440,1.0,True,15.886,2007,95,0.5997996637363979,0.7128403329251265,1.077050300531555,24.93501944345314,0.656875
2007-04-06,111,26.68566666666667,4,1440,1.0,True,14.632,2007,96,-0.3591274154113567,0.3670863314288219,1.1509148493921384,26.51193805863081,0.47125
2007-04-07,112,25.898733333333332,5,1440,1.0,True,10.161,2007,97,-0.9372759401098,0.19498485722196598,1.022117266083369,31.070570984853745,0.358125
2007-04-08,113,26.8136,6,1440,1.0,True,4.03,2007,98,-0.32095564524633635,0.38079155043455,1.1505906129139476,30.542732434737363,0.069375
2007-04-09,114,16.682,0,1440,1.0,True,6.982,2007,99,-1.294819601210587,0.12402829573589746,0.9219686266058125,25.317505159448974,0.011875
2007-04-10,115,12.956066666666668,1,1440,1.0,True,3.523,2007,100,-1.9354724072668485,0.052704996828117696,0.7250716452812775,27.000034765140395,0.003125
2007-04-11,116,14.791366666666669,2,1440,1.0,True,7.533,2007,101,-1.2857310350066955,0.12604699297361355,0.9036976088280789,27.24558451503297,0.003125
2007-04-12,117,8.961766666666668,3,1440,1.0,True,2.359,2007,102,-1.9565703900766132,0.05128267541882989,0.702482555618044,24.538283525894794,0.001875
2007-04-13,118,9.1837,4,1440,1.0,True,2.546,2007,103,-1.9906290069690258,0.0490595003724508,0.6874075343535515,26.110557064445835,0.00125
2007-04-14,119,9.2378,5,1440,1.0,True,2.586,2007,104,-2.7039242669674315,0.019116872255408427,0.526627582180081,30.664156829978708,0.0
2007-04-15,120,12.102733333333331,6,1440,1.0,True,3.919,2007,105,-1.7938315950351496,0.064457820584618,0.7435636043827981,30.130901704927325,0.0
2007-04-16,121,15.873166666666666,0,1440,1.0,True,6.913,2007,106,-0.4057998303749979,0.35145160311367535,1.1480819702125153,24.89987981978988,0.0
2007-04-17,122,20.395566666666664,1,1440,1.0,True,8.12,2007,107,-0.4997159786814228,0.3193624534250519,1.1354874137276783,26.576242863494794,0.0
2007-04-18,123,16.637433333333334,2,1440,1.0,True,5.364,2007,108,-1.4051841739016582,0.10739868012211383,0.9021511295670643,26.815260878508607,0.000625
2007-04-19,124,17.144299999999998,3,1440,1.0,True,8.086,2007,109,-0.5641725979711075,0.29854664517477436,1.1294796576583759,24.10107044943663,0.000625
2007-04-20,125,13.709666666666667,4,1440,1.0,True,4.928,2007,110,-1.6779181133235874,0.07453446344014451,0.7824104193272069,25.666104990655555,0.00125
2007-04-21,126,27.894266666666667,5,1440,1.0,True,18.167,2007,111,0.38792518289358574,0.642549587127531,1.1426143163815141,30.21212501928596,0.0025
2007-04-22,127,37.228566666666666,6,1440,1.0,True,17.653,2007,112,1.5107291460206165,0.9066832908787782,0.8564923611236737,29.670958895237007,0.010625
2007-04-23,128,17.5761,0,1440,1.0,True,7.913,2007,113,-1.7329874154897598,0.06915107475183248,0.7695951284654439,24.431704874751773,0.019375
2007-04-24,129,17.201666666666664,1,1440,1.0,True,8.332,2007,114,-1.1325243797982527,0.15299740564695807,0.9557767718238757,26.099525408550708,0.02625
2007-04-25,130,21.069366666666667,2,1440,1.0,True,10.281,2007,115,-0.34152654398369686,0.3734821410754761,1.1473034622240812,26.329701923883825,0.0425
2007-04-26,131,21.257766666666665,3,1440,1.0,True,10.332,2007,116,-0.06810655920666332,0.4741995130814125,1.1842894174577667,23.606382999268035,0.048125
2007-04-27,132,18.23886666666667,4,1440,1.0,True,7.073,2007,117,-1.0849019240626843,0.16226238779538352,0.9802012465981533,25.16201463745462,0.053125
2007-04-28,133,,5,21,0.0145833333333333,False,0.018,2007,118,,,0.9898070390662178,29.698370522956214,0.068125
2007-04-29,134,,6,0,0.0,False,0.0,2007,119,,,1.0230248723528348,29.147292745888084,0.065
2007-04-30,135,,0,576,0.4,False,2.845,2007,120,,,1.0334485208336264,23.897893838565725,0.061875
2007-05-01,136,27.730966666666667,1,1440,1.0,True,13.546,2007,121,,,1.12984489509603,25.555351055976658,0.10125
2007-05-02,137,16.724766666666667,2,1440,1.0,True,5.251,2007,122,-1.7638585700760439,0.06629947697133627,0.7629883318790235,25.774961139466075,0.20625
2007-05-03,138,18.170633333333335,3,1440,1.0,True,11.467,2007,123,-0.26608186492819447,0.4005507210791424,1.1651522806030699,23.04088847242317,0.278125
2007-05-04,139,16.635466666666666,4,1440,1.0,True,6.787,2007,124,-1.10002965680985,0.15925143978024225,0.9764771554339677,24.58559533354473,0.196875
2007-05-05,140,26.050866666666664,5,1440,1.0,True,16.709,2007,125,-0.014177721427675984,0.4946241722395712,1.1497801206074656,29.110872134027638,0.183125
2007-05-06,141,35.035066666666665,6,1440,1.0,True,14.259,2007,126,1.3681633000764166,0.8872496469620582,0.8879468586714938,28.54857812046285,0.185625
2007-05-07,142,27.3944,0,1440,1.0,True,15.314,2007,127,0.3035479450324134,0.6131042029356446,1.1497109142271802,23.28784338990773,0.235
2007-05-08,143,29.82153333333333,1,1440,1.0,True,15.369,2007,128,0.6029136529891186,0.7137820452634833,1.1239885813416912,24.933863148276778,0.265
2007-05-09,144,27.76226666666667,2,1440,1.0,True,18.123,2007,129,0.1460121649719512,0.5551431146889712,1.1601952135632745,25.141952451409427,0.1875
2007-05-10,145,11.798066666666667,3,1440,1.0,True,4.741,2007,130,-2.0759511879948693,0.043455205117375904,0.6856283731292934,22.396294337643127,0.276875
2007-05-11,146,16.319233333333333,4,1440,1.0,True,7.888,2007,131,-0.6550963315449815,0.2705526807532023,1.1040505585586653,23.929370057483887,0.31875
2007-05-12,147,24.0261,5,1440,1.0,True,13.73,2007,132,-0.28046655478076443,0.39539689594997063,1.1564156594802626,28.44298928676108,0.43
2007-05-13,148,27.245633333333338,6,1440,1.0,True,14.984,2007,133,0.18442607311895057,0.5694308438560632,1.1341479841433466,27.869030805065407,0.420625
2007-05-14,149,24.463033333333332,0,1440,1.0,True,11.11,2007,134,0.3786444222398475,0.6398080815962796,1.1362799570895732,22.596644485976707,0.41625
2007-05-15,150,15.073200000000002,1,1440,1.0,True,5.726,2007,135,-1.764849116418016,0.06621635559890235,0.744485951771494,24.231045530251027,0.3475
2007-05-16,151,28.215733333333333,2,1440,1.0,True,17.046,2007,136,1.29724533185337,0.8762148503091612,0.8977866576099768,24.427569181358873,0.2625
2007-05-17,152,20.530266666666662,3,1440,1.0,True,10.774,2007,137,-0.45915116629046643,0.33257936668273436,1.1226288475748152,21.67041883223063,0.245625
2007-05-18,153,27.192166666666665,4,1440,1.0,True,15.299,2007,138,0.7913758855626465,0.768381822976547,1.0601505677588283,23.192096228832252,0.324375
2007-05-19,154,23.824033333333333,5,1440,1.0,True,12.235,2007,139,-0.961615187020278,0.18923535103880337,1.0297067680535839,27.6944316569912,0.43875
2007-05-20,155,32.80546666666667,6,1440,1.0,True,14.764,2007,140,1.2802817368100705,0.8735041941662469,0.9189972655428573,27.10932459430548,0.46625
2007-05-21,156,18.6677,0,1440,1.0,True,9.528,2007,141,-0.9462844223961815,0.19257053735562957,1.0227993192803115,21.825945673668425,0.565
2007-05-22,157,18.88086666666667,1,1440,1.0,True,8.881,2007,142,-0.6054753507181677,0.2853678719468899,1.0889046965236775,23.44953088961467,0.608125
2007-05-23,158,24.4156,2,1440,1.0,True,12.867,2007,143,0.44987256126529984,0.664225106210257,1.128517031329684,23.635436286915578,0.64125
2007-05-24,159,19.2398,3,1440,1.0,True,9.817,2007,144,-0.34517298308591615,0.3719704555880084,1.1507314043538646,20.867886040302547,0.629375
2007-05-25,160,26.903666666666663,4,1440,1.0,True,15.185,2007,145,0.9177344942890437,0.8005673063877694,1.01962586695794,22.37940263098524,0.60625
2007-05-26,161,25.204133333333335,5,1440,1.0,True,13.755,2007,146,-0.6022715956462595,0.28648096194566586,1.0946186081506313,26.87183700641034,0.528125
2007-05-27,162,35.8968,6,1440,1.0,True,20.344,2007,147,1.8355025103974092,0.9397690899993459,0.7391341409925372,26.277109205125782,0.560625
2007-05-28,163,27.291133333333335,0,1440,1.0,True,14.613,2007,148,0.48683639220786196,0.6765360056114952,1.1176932749245316,20.984410293324977,0.59375
2007-05-29,164,17.689,1,1440,1.0,True,6.239,2007,149,-1.3019247947794454,0.12287365528096234,0.9128407012927346,22.59899654429682,0.589375
2007-05-30,165,26.8311,2,1440,1.0,True,16.002,2007,150,1.0594209607087226,0.832395549515754,0.9885090462851803,22.776244100251883,0.649375
2007-05-31,166,15.6425,3,1440,1.0,True,4.964,2007,151,-1.054540022790997,0.16851908049909156,0.9795362488296814,20.000397025430864,0.69125
2007-06-01,167,17.4153,4,1439,0.9993055555555556,True,8.147,2007,152,-0.4434522696166036,0.337920305872798,1.1368253032770008,21.503997456197315,0.693125
2007-06-02,168,24.73936666666667,5,1440,1.0,True,12.854,2007,153,0.05007028595182825,0.5189475083544801,1.1795243269507774,25.9889157345896,0.769375
2007-06-03,169,35.133766666666666,6,1440,1.0,True,20.848,2007,154,1.8298427892510865,0.9393163461508637,0.749244130612351,25.38709100723417,0.74125
2007-06-04,170,15.193633333333334,0,1440,1.0,True,6.954,2007,155,-1.5298843743753625,0.09085832604632309,0.8447858397092205,20.08773313621738,0.63125
2007-06-05,171,24.314866666666667,1,1440,1.0,True,11.959,2007,156,0.7986266666766911,0.7703070925324315,1.071633873838,21.69611685318416,0.5125
2007-06-06,172,28.2273,2,1439,0.9993055555555556,True,15.821,2007,157,0.9671685174451363,0.8122108815227006,0.9930559443309903,21.867636396154484,0.5075
2007-06-07,173,16.4167,3,1440,1.0,True,5.643,2007,158,-0.9069331819288337,0.20201566790975892,1.005125701907091,19.08655353800148,0.42375
2007-06-08,174,35.80076666666666,4,1440,1.0,True,25.619,2007,159,2.90331770788721,0.985311484819308,0.4781591601925902,20.585427712321017,0.48625
2007-06-09,175,17.663566666666668,5,1402,0.9736111111111112,True,8.038,2007,160,-2.3481964611720487,0.03032536034394445,0.5970506182132521,25.066146123194983,0.488125
2007-06-10,176,22.346866666666664,6,1440,1.0,True,12.109,2007,161,0.11612805450957672,0.5438835256058799,1.1491066852770746,24.4606643207837,0.59875
2007-06-11,177,13.244233333333334,0,1440,1.0,True,5.815,2007,162,-0.9174914692739695,0.199335255007732,1.024372396664694,19.158208089369595,0.58875
2007-06-12,178,15.312766666666668,1,1440,1.0,True,6.255,2007,163,-0.5799586064963906,0.2933287474404025,1.1126470336457714,20.7640675791528,0.56875
2007-06-13,179,15.454533333333334,2,1440,1.0,True,7.03,2007,164,-0.6140646362417133,0.2827629476578694,1.093119032374234,20.933651921311878,0.481875
2007-06-14,180,20.984733333333335,3,1440,1.0,True,12.523,2007,165,0.8733402305383545,0.7896109226029613,1.0463744126039092,18.15123723530402,0.39625
2007-06-15,181,16.4934,4,1440,1.0,True,10.827,2007,166,-0.7594199769495412,0.24024615207788558,1.0796895588329063,19.649396734158998,0.386875
2007-06-16,182,33.62936666666666,5,1440,1.0,True,18.895,2007,167,1.9135550610232892,0.9457813749925608,0.7246467336360365,24.130030814296692,0.205
2007-06-17,183,32.451499999999996,6,1440,1.0,True,17.896,2007,168,0.9610062918035999,0.8105340964483235,0.9903714934317395,23.525107611825824,0.14875
2007-06-18,184,11.3079,0,1440,1.0,True,4.77,2007,169,-1.8380548814846753,0.05994377318017317,0.732184010327328,18.223864871969344,0.10375
2007-06-19,185,14.039333333333332,1,1438,0.9986111111111112,True,5.865,2007,170,-0.5742412469929737,0.29514999574101636,1.1312622371828183,19.831604062945,0.13125
2007-06-20,186,17.904766666666667,2,1440,1.0,True,9.455,2007,171,0.014349834700552287,0.5054482896473153,1.205495082589332,20.003744973831743,0.138125
2007-06-21,187,13.4491,3,1440,1.0,True,7.043,2007,172,-0.5384722523098914,0.30644751750882837,1.108296018964611,17.224573705419452,0.201875
2007-06-22,188,9.438233333333333,4,1440,1.0,True,4.433,2007,173,-1.4157417388018971,0.10574265926342998,0.8714277305384166,18.726672759817745,0.218125
2007-06-23,189,7.959433333333334,5,1440,1.0,True,3.188,2007,174,-2.1123901743017948,0.04152725862181004,0.6592861419467954,23.211951115372997,0.27875
2007-06-24,190,11.910933333333332,6,1440,1.0,True,4.24,2007,175,-0.8974352584223391,0.20509892694629314,1.00390359967947,22.612384768867162,0.203125
2007-06-25,191,17.870033333333332,0,1440,1.0,True,10.422,2007,176,0.8170533424467149,0.7750135609013878,1.043137245294638,17.317218591669477,0.11875
2007-06-26,192,15.748466666666667,1,1440,1.0,True,7.536,2007,177,-0.6079159073960756,0.28451580476266036,1.0975982961198314,18.931760431175803,0.159375
2007-06-27,193,24.680433333333333,2,1440,1.0,True,16.324,2007,178,1.213535770404499,0.8622176156634681,0.9501641450729221,19.111435697090368,0.1925
2007-06-28,194,21.590633333333336,3,1440,1.0,True,13.909,2007,179,0.564721511001412,0.7018870848355556,1.1010658364498522,16.3405353415606,0.195
2007-06-29,195,21.736633333333337,4,1439,0.9993055555555556,True,11.827,2007,180,0.33992300827729394,0.6261013994949425,1.1429379221936689,17.851645938951066,0.234375
2007-06-30,196,22.255233333333333,5,1440,1.0,True,12.217,2007,181,-0.2786570124215687,0.39590014055510814,1.1526953698741271,22.346679751822677,0.311875
2007-07-01,197,17.111066666666666,6,1440,1.0,True,6.395,2007,182,-0.8293720226907062,0.2215895629052773,1.0293985165772028,21.757615265102963,0.466875
2007-07-02,198,16.1172,0,1440,1.0,True,9.744,2007,183,0.24757670179959043,0.5928310011988343,1.1740291427075862,16.473699035122866,0.545625
2007-07-03,199,17.665200000000002,1,1440,1.0,True,8.376,2007,184,-0.05458323059899027,0.47929677367842394,1.1939127071062103,18.10023978487297,0.584375
2007-07-04,200,16.723499999999998,2,1440,1.0,True,10.179,2007,185,-0.2506832261983785,0.4060493456733812,1.152805050862953,18.29266298503648,0.593125
2007-07-05,201,17.6215,3,1440,1.0,True,7.665,2007,186,0.47610973145891194,0.6730863653214016,1.1279233356472105,15.53525882982029,0.483125
2007-07-06,202,17.825400000000002,4,1440,1.0,True,10.394,2007,187,-0.007450477833892275,0.49715991651074093,1.1491212815907783,17.06061231337445,0.465
2007-07-07,203,22.636766666666663,5,1440,1.0,True,14.221,2007,188,0.137871206138462,0.5520643811291275,1.1562644125614314,21.570633293372623,0.375625
2007-07-08,204,18.151333333333337,6,1440,1.0,True,9.933,2007,189,-0.5845246640578604,0.29188600879144677,1.1108252327423542,20.997297023742597,0.379375
2007-07-09,205,19.6693,0,1440,1.0,True,10.903,2007,190,0.8966122602444564,0.7955191879040518,1.023274147475604,15.72984600322726,0.39
2007-07-10,206,15.138733333333333,1,1440,1.0,True,6.925,2007,191,-0.6656367281412402,0.26708390956141553,1.080116730495356,17.373584071128175,0.37875
2007-07-11,207,12.0392,2,1440,1.0,True,6.946,2007,192,-0.8428458737830276,0.21808389822777888,1.059134070230648,17.583930989791078,0.335625
2007-07-12,208,17.82636666666667,3,1440,1.0,True,9.998,2007,193,0.9029811079519934,0.7969362581965597,1.0025967864785343,14.845170422854636,0.315625
2007-07-13,209,13.2397,4,1440,1.0,True,5.06,2007,194,-0.7694959879944026,0.2374855481776157,1.072695128294872,16.389880015049542,0.268125
2007-07-14,210,21.4695,5,1440,1.0,True,12.347,2007,195,0.3076657821789784,0.6145149996717973,1.1575288924016058,20.919961460120764,0.280625
2007-07-15,211,,6,1310,0.9097222222222222,False,7.079,2007,196,,,1.0295772835891694,20.36738103885353,0.2525
2007-07-16,212,14.2279,0,1440,1.0,True,5.701,2007,197,,,1.141368967019953,15.121371473885615,0.30125
2007-07-17,213,11.993866666666666,1,1440,1.0,True,4.877,2007,198,-0.8002640353163061,0.22915745198474297,1.0537835610937327,16.787226032642103,0.28375
2007-07-18,214,12.618033333333331,2,1440,1.0,True,6.208,2007,199,-0.46661403570231363,0.3301872770596925,1.134829875701107,17.020353117954993,0.27125
2007-07-19,215,11.2981,3,1440,1.0,True,4.901,2007,200,-0.24723187769008514,0.4073398732938427,1.1605654375208543,14.305024255372894,0.26125
2007-07-20,216,18.507033333333332,4,1440,1.0,True,9.294,2007,201,0.6687458088507006,0.7337550558591052,1.0895987301366403,15.873804182943498,0.25125
2007-07-21,217,17.6708,5,1440,1.0,True,8.696,2007,202,-0.6732902718966036,0.26495941565738446,1.1137235998618416,20.428580930027316,0.316875
2007-07-22,218,22.92956666666667,6,1439,0.9993055555555556,True,14.79,2007,203,0.7246359487209568,0.7499277664022138,1.094517239544075,19.901306367115044,0.37875
2007-07-23,219,16.51696666666667,0,1440,1.0,True,6.882,2007,204,0.1251482903476872,0.5473494562628314,1.1534278490184806,14.68119807331451,0.2875
2007-07-24,220,13.754733333333332,1,1440,1.0,True,7.206,2007,205,-0.5936491256473955,0.2889533838334128,1.1025648098997771,16.373533452835712,0.235
2007-07-25,221,7.876,2,1440,1.0,True,2.484,2007,206,-1.3933191477469642,0.10899775698639586,0.887543520226609,16.63370434001372,0.255625
2007-07-26,222,15.408333333333331,3,1440,1.0,True,8.954,2007,207,0.8459869393904214,0.7825251956111284,1.0379814941762016,13.945965001865494,0.314375
2007-07-27,223,20.0419,4,1440,1.0,True,9.043,2007,208,0.7033261163757453,0.7438877594872391,1.0797448277845978,15.542862243943468,0.36875
2007-07-28,224,27.031033333333333,5,1440,1.0,True,17.731,2007,209,0.9335633471967283,0.8042505450757206,1.0215222403686495,20.126265506027096,0.358125
2007-07-29,225,5.351933333333333,6,1440,1.0,True,1.288,2007,210,-3.0255256453681882,0.012619299371716894,0.4555962111928966,19.628107429606597,0.390625
2007-07-30,226,7.780266666666666,0,1440,1.0,True,2.528,2007,211,-0.23656827043103842,0.41150012937800334,1.1424719303986057,14.437585743803977,0.295
2007-07-31,227,13.538866666666667,1,1440,1.0,True,6.852,2007,212,-0.02438100857300417,0.4907601491219542,1.1886815470596774,16.159957401040725,0.333125
2007-08-01,228,17.6723,2,1419,0.9854166666666668,True,11.395,2007,213,0.39569131673964164,0.645673611403571,1.1513653306802736,16.450593201969394,0.43125
2007-08-02,229,16.990266666666667,3,1440,1.0,True,7.351,2007,214,0.4874216123217285,0.6768611767055378,1.0987830906035378,13.793725818643969,0.521875
2007-08-03,230,17.722733333333334,4,1440,1.0,True,10.097,2007,215,0.1929573939633574,0.5726657463013963,1.1737221006071195,15.421879921667253,0.563125
2007-08-04,231,19.083166666666667,5,1440,1.0,True,8.916,2007,216,-0.32766511419677097,0.3782883392402919,1.163268688470125,20.036902297833535,0.53625
2007-08-05,232,13.1183,6,1440,1.0,True,6.816,2007,217,-1.095890852050145,0.16012669091956788,0.9611315995361656,19.570702440195905,0.445625
2007-08-06,233,18.162,0,1440,1.0,True,9.081,2007,218,1.1041533817917386,0.8415184727592431,0.9581225183326751,14.412454457177493,0.5975
2007-08-07,234,24.726333333333333,1,1440,1.0,True,11.647,2007,219,1.2816747629534162,0.8739303462562646,0.9382919507077895,16.16739123200982,0.69
2007-08-08,235,18.758033333333337,2,1440,1.0,True,11.826,2007,220,-0.166798476191051,0.4371285444833149,1.1716912986477837,16.49085907198898,0.71375
2007-08-09,236,17.861333333333334,3,1440,1.0,True,11.343,2007,221,0.5603573122312309,0.7005461397851185,1.1016366650909186,13.867065756496755,0.72125
2007-08-10,237,17.1335,4,1440,1.0,True,11.274,2007,222,0.014785803675437317,0.5056036139893411,1.1881991381198167,15.528510689495924,0.711875
2007-08-11,238,18.194166666666668,5,1440,1.0,True,12.429,2007,223,-0.4653732421805551,0.3306057850309905,1.1439485854492524,20.177015042990607,0.70375
2007-08-12,239,20.6984,6,1440,1.0,True,10.861,2007,224,0.3008810889634097,0.6121510467070985,1.1314271789137273,19.744462373351215,0.58
2007-08-13,240,19.216866666666665,0,1440,1.0,True,11.67,2007,225,0.7593376157663622,0.7596967486963545,1.0970510507235303,14.620000557090982,0.6725
2007-08-14,241,15.6865,1,1440,1.0,True,7.892,2007,226,-0.43877660138458635,0.3395029952783244,1.1313903004024177,16.40883597735211,0.70125
2007-08-15,242,19.86433333333333,2,1440,1.0,True,10.633,2007,227,0.604858708308626,0.7144392359239958,1.099041304900311,16.766288200556478,0.575625
2007-08-16,243,15.974933333333333,3,1440,1.0,True,8.438,2007,228,0.111139791460048,0.5420613791274185,1.1573058799142018,14.176538052137687,0.58125
2007-08-17,244,16.831533333333333,4,1440,1.0,True,8.013,2007,229,0.04652438516780863,0.5176387982093285,1.1469751910632475,15.872057797034543,0.579375
2007-08-18,245,5.799333333333333,5,1440,1.0,True,1.83,2007,230,-2.711463409305648,0.018783991861520445,0.5060869097243994,20.55464131140314,0.665625
2007-08-19,246,23.7049,6,1440,1.0,True,15.926,2007,231,1.6229665104246194,0.9194302334604519,0.7948077213647775,20.156144727411846,0.66375
2007-08-20,247,22.314033333333334,0,1440,1.0,True,15.38,2007,232,1.060757421218461,0.8327335106298526,0.9707306536706164,15.065688397681805,0.659375
2007-08-21,248,10.709266666666668,1,1440,1.0,True,3.334,2007,233,-1.5946233505553553,0.0833636745037393,0.8292270464426837,16.88845111058802,0.654375
2007-08-22,249,20.163466666666668,2,1440,1.0,True,12.125,2007,234,0.9326890350471979,0.8040080335734424,1.025826886529103,17.279724795848797,0.656875
2007-08-23,250,18.53853333333333,3,1440,1.0,True,8.103,2007,235,0.48719391665613976,0.6767811706225095,1.1478146417206154,14.723662629288693,0.565
2007-08-24,251,27.603566666666666,4,1439,0.9993055555555556,True,15.617,2007,236,1.738357676851328,0.9313887329310911,0.7673066099500283,16.45270924241603,0.58875
2007-08-25,252,19.181333333333335,5,1440,1.0,True,12.018,2007,237,-1.1061126251624631,0.15831834433319408,0.9581121096457355,21.168630923243835,0.625
2007-08-26,253,21.9151,6,1440,1.0,True,10.844,2007,238,0.3298959639664274,0.6225327939376872,1.1497250727191568,20.803256290183057,0.801875
2007-08-27,254,20.1955,0,1440,1.0,True,9.878,2007,239,0.7228152982525757,0.7494466644965587,1.0969857062632218,15.745678285535233,0.809375
2007-08-28,255,16.616733333333332,1,1440,1.0,True,8.989,2007,240,-0.47542813074392604,0.3271825370845322,1.1227825620258227,17.60104841977163,0.768125
2007-08-29,256,12.466533333333333,2,1440,1.0,True,6.451,2007,241,-0.9287794549424863,0.1968688119299478,1.0319364009285346,18.024631505988232,0.8475
2007-08-30,257,20.04096666666667,3,1440,1.0,True,10.623,2007,242,1.1837978066558987,0.8568157898239913,0.9296193813532591,15.500553793390308,0.845625
2007-08-31,258,21.330366666666663,4,1440,1.0,True,10.604,2007,243,0.4205156328516006,0.6542586720290872,1.132271378035657,17.26123320541619,0.824375
2007-09-01,259,28.3581,5,1440,1.0,True,12.799,2007,244,0.8636752128150387,0.7871242984705711,1.0388164474023507,22.008409568892162,0.776875
2007-09-02,260,27.7078,6,1440,1.0,True,14.036,2007,245,0.6532598229724779,0.729077587374685,1.1025595826643986,21.673885316020684,0.79625
2007-09-03,261,17.315366666666666,0,1440,1.0,True,8.459,2007,246,-0.2848628760883929,0.3936631976914372,1.1620243717986158,16.64672750569133,0.82375
2007-09-04,262,26.415733333333332,1,1440,1.0,True,16.25,2007,247,1.368164987711313,0.8874356541426504,0.8687443036981858,18.532062095271243,0.803125
2007-09-05,263,20.60953333333333,2,1440,1.0,True,10.849,2007,248,-0.23581779946547704,0.41157946124403016,1.155505545262713,18.985128702235126,0.789375
2007-09-06,264,15.024566666666669,3,1440,1.0,True,7.349,2007,249,-0.3742837524598602,0.36175490254783405,1.1461839886964298,16.490028764453502,0.83
2007-09-07,265,22.274933333333333,4,1440,1.0,True,13.571,2007,250,0.8105579958551244,0.7735320609394789,1.0496722534589935,18.27915580472044,0.824375
2007-09-08,266,24.495866666666664,5,1440,1.0,True,14.304,2007,251,-0.010882238957456151,0.49587495624826866,1.1654371975036337,23.05422568588184,0.796875
2007-09-09,267,27.9917,6,1440,1.0,True,15.855,2007,252,0.8413441436904185,0.7815128613397941,1.0448006764240563,22.7470173383351,0.689375
2007-09-10,268,18.622933333333332,0,1440,1.0,True,7.143,2007,253,-0.19435260533259296,0.4268472215640353,1.1583120254497044,17.746574806363462,0.665625
2007-09-11,269,16.392866666666666,1,1440,1.0,True,7.285,2007,254,-0.6439338751756147,0.2736538151454311,1.0829278375580906,19.65800154442876,0.701875
2007-09-12,270,21.462733333333333,2,1440,1.0,True,10.972,2007,255,0.4589301089788869,0.6672791278096135,1.1354849290219136,20.13651520275774,0.615
2007-09-13,271,19.106366666666663,3,1440,1.0,True,7.551,2007,256,0.1669186873778382,0.5629864946269791,1.1822463187202812,17.666195811012557,0.61
2007-09-14,272,18.9245,4,1440,1.0,True,7.381,2007,257,-0.19974730359885645,0.42480867847133974,1.1663433253765105,19.479416065596208,0.6325
2007-09-15,273,18.2552,5,1440,1.0,True,7.913,2007,258,-1.0433035837297557,0.17111852631823615,0.9947405354771763,24.277871606935,0.5975
2007-09-16,274,27.537066666666664,6,1440,1.0,True,15.492,2007,259,1.0374958392058196,0.8276563803641114,1.0015393710089848,23.993321768474978,0.525625
2007-09-17,275,24.3531,0,1440,1.0,True,13.856,2007,260,0.7199371772640124,0.7485918678097804,1.0804058532742784,19.01479164383661,0.459375
2007-09-18,276,19.458666666666662,1,1440,1.0,True,9.342,2007,261,-0.6244445757234639,0.2796109494321131,1.0734401054121554,20.94736640322612,0.451875
2007-09-19,277,21.64473333333333,2,1440,1.0,True,10.68,2007,262,0.13797194450543349,0.5521416122231702,1.1877440378814936,21.4462460984158,0.553125
2007-09-20,278,20.92553333333333,3,1440,1.0,True,11.541,2007,263,0.3307384347884241,0.6228872388464858,1.1290386973833666,18.995493865056304,0.62
2007-09-21,279,20.646333333333335,4,1440,1.0,True,12.191,2007,264,-0.1652439998908233,0.437644865938712,1.201397669953294,20.82746622786254,0.64125
2007-09-22,280,19.602866666666667,5,1440,1.0,True,9.943,2007,265,-1.0712974602473715,0.16523424398171133,0.9578286257199943,25.643843394979584,0.683125
2007-09-23,281,23.632833333333338,6,1440,1.0,True,12.142,2007,266,0.09130174857815315,0.5345478030488436,1.1993392304889858,25.37637002325889,0.820625
2007-09-24,282,22.5755,0,1440,1.0,True,12.819,2007,267,0.5054913177022604,0.6827742107233427,1.1283738731639459,20.41405730086103,0.788125
2007-09-25,283,29.405700000000003,1,1440,1.0,True,12.989,2007,268,1.1185161713066818,0.8444741078928937,0.954045817416627,22.361977278272132,0.799375
2007-09-26,284,30.371066666666664,2,1438,0.9986111111111112,True,16.134,2007,269,0.8740649998538563,0.7897630207398394,1.0322056694608182,22.875317687023486,0.88375
2007-09-27,285,23.209999999999997,3,1440,1.0,True,9.033,2007,270,-0.0074974401895116375,0.4971553791454253,1.1819416728010401,20.438130154871622,0.86
2007-09-28,286,28.0083,4,1440,1.0,True,14.67,2007,271,0.837456006080277,0.7805622055502875,1.0742737078620122,22.282760522949737,0.873125
2007-09-29,287,38.27536666666666,5,1440,1.0,True,19.732,2007,272,1.6170415101390725,0.9190602515260418,0.7940623322874307,27.11087915120194,0.879375
2007-09-30,288,25.2715,6,1440,1.0,True,12.212,2007,273,-1.0336555297873433,0.1734273676054526,0.9921138548478484,26.854221693800678,0.909375
2007-10-01,289,28.682033333333333,0,1440,1.0,True,14.089,2007,274,1.323007008793538,0.8804912183271877,0.9010315332689788,21.901791190966577,0.933125
2007-10-02,290,36.647733333333335,1,1440,1.0,True,21.345,2007,275,1.8389325991436862,0.9400538915100118,0.727725002556108,23.8586524082552,0.90625
2007-10-03,291,21.3409,2,1440,1.0,True,9.695,2007,276,-1.3994313195294215,0.10835654478853889,0.8669676534924656,24.379986662601006,0.891875
2007-10-04,292,25.307633333333335,3,1440,1.0,True,12.554,2007,277,0.8045486361381815,0.7719362441614246,1.0543356890138238,21.949840043858515,0.8125
2007-10-05,293,23.23486666666667,4,1440,1.0,True,9.776,2007,278,-0.32925668626811544,0.3776562313465658,1.1547657404467464,23.80055373735292,0.835625
2007-10-06,294,29.270666666666667,5,1440,1.0,True,14.853,2007,279,0.1522393412469599,0.5574338420920703,1.1692484901333229,28.633794333736752,0.82875
2007-10-07,295,35.1019,6,1440,1.0,True,21.639,2007,280,1.1612942191969327,0.8525973815286442,0.9430873769824393,28.381294607857185,0.76125
2007-10-08,296,18.254033333333332,0,1440,1.0,True,5.502,2007,281,-1.3772559369886077,0.11135450270530352,0.8872395897423848,23.432055613042518,0.80625
2007-10-09,297,28.130966666666662,1,1440,1.0,True,13.471,2007,282,0.8400099385070403,0.7811481232847178,1.0352598209492863,25.391141021871608,0.74
2007-10-10,298,19.44953333333333,2,1440,1.0,True,7.325,2007,283,-1.3389898101460156,0.11704258456916178,0.8859576993389056,25.913731952716635,0.671875
2007-10-11,299,28.8741,3,1440,1.0,True,10.85,2007,284,1.3989429683153551,0.8918257382077829,0.8504170671943575,23.4838751907969,0.686875
2007-10-12,300,31.908399999999997,4,1440,1.0,True,17.707,2007,285,0.8146409996543234,0.7745263247008176,1.0427309913781937,25.333913509258842,0.65875
2007-10-13,301,32.11213333333333,5,1440,1.0,True,13.231,2007,286,-0.09164015719454664,0.46532563592180304,1.1606576946703717,30.165515976577556,0.730625
2007-10-14,302,34.3542,6,1440,1.0,True,17.55,2007,287,0.665594251367757,0.7327058243298181,1.0832586373621598,29.91041873199157,0.69375
2007-10-15,303,21.1055,0,1440,1.0,True,9.054,2007,288,-0.9865629050252015,0.18341355434954332,0.9901877608569339,24.95762707537803,0.636875
2007-10-16,304,32.7407,1,1440,1.0,True,17.747,2007,289,1.3050163395622607,0.8776334421425593,0.8988329013297335,26.91220980264525,0.7075
2007-10-17,305,26.28216666666667,2,1440,1.0,True,10.486,2007,290,-0.592788899094926,0.28935362988326646,1.11164108378347,27.429354025931577,0.71875
2007-10-18,306,25.308833333333332,3,1440,1.0,True,11.343,2007,291,0.13290723041502703,0.5502411269031627,1.165829489347525,24.993113387362094,0.784375
2007-10-19,307,34.7608,4,1440,1.0,True,16.071,2007,292,1.3973815689022846,0.8916490945126742,0.8691628879448399,26.83583837188046,0.774375
2007-10-20,308,27.67076666666667,5,1440,1.0,True,15.884,2007,293,-1.24587582086801,0.13235701708174358,0.9038868274120614,31.659206605469386,0.6775
2007-10-21,309,32.36566666666667,6,1440,1.0,True,15.382,2007,294,0.4413900008868158,0.6612443945887366,1.1603069475106895,31.39496362047467,0.6275
2007-10-22,310,27.548266666666667,0,1440,1.0,True,13.326,2007,295,0.13724820648173203,0.5518665748550532,1.1653598392987623,26.4321249344573,0.351875
2007-10-23,311,32.577466666666666,1,1438,0.9986111111111112,True,16.933,2007,296,0.680365065713864,0.7371448171482878,1.0717586267879233,28.375770373658515,0.224375
2007-10-24,312,31.093933333333332,2,1440,1.0,True,13.938,2007,297,0.11886922610516998,0.544939703968267,1.1840970430197195,28.881098880387203,0.089375
2007-10-25,313,30.898633333333333,3,1440,1.0,True,11.296,2007,298,0.6517847882150778,0.7287392343599991,1.115933821205981,26.43217671308934,0.06625
2007-10-26,314,23.959466666666668,4,1440,1.0,True,6.114,2007,299,-1.072590825325526,0.16480654997637537,0.9847154683573172,28.261367744640648,0.030625
2007-10-27,315,29.761466666666667,5,1440,1.0,True,15.179,2007,300,-0.3036867490533752,0.38692496344346045,1.159711385620758,33.070363745184686,0.014375
2007-10-28,316,8.535966666666667,6,1440,1.0,True,2.048,2007,301,-4.125878926841383,0.0035495339806528897,0.29707517505274156,32.7909251312543,0.005625
2007-10-29,317,9.090466666666666,0,1440,1.0,True,3.018,2007,302,-1.726495569205091,0.07055226025736157,0.7606851806107443,27.812083027621988,0.005
2007-10-30,318,13.5168,1,1440,1.0,True,6.191,2007,303,-1.6498634042610354,0.0778815424594761,0.7713992010219954,29.73893357297906,0.004375
2007-10-31,319,21.386833333333335,2,1440,1.0,True,13.615,2007,304,-0.4922112369303695,0.32213857409725355,1.1068951184069737,30.226692708773765,0.001875
2007-11-01,320,8.270266666666666,3,1440,1.0,True,2.284,2007,305,-2.9008608717449182,0.014758792610329266,0.46802279125666246,27.759444359998213,0.001875
2007-11-02,321,24.060033333333333,4,1440,1.0,True,15.706,2007,306,0.31802091597377363,0.6177918608206404,1.1497879953868688,29.569570713475496,0.001875
2007-11-03,322,8.209166666666667,5,1440,1.0,True,2.218,2007,307,-4.316896204798686,0.0029077995186241995,0.27618903587572274,34.35878248000111,0.00125
2007-11-04,323,24.761433333333333,6,1440,1.0,True,11.455,2007,308,0.08764912590714005,0.5329080411302793,1.1479208616586403,34.05885962210193,0.001875
2007-11-05,324,25.009866666666667,0,1440,1.0,True,8.245,2007,309,-0.09954208203920885,0.4623455454870684,1.1749317547352984,29.05885339387365,0.0125
2007-11-06,325,34.706300000000006,1,1440,1.0,True,17.31,2007,310,0.9448076495157045,0.8069237451015892,1.0062314546154811,30.963880624033763,0.034375
2007-11-07,326,30.745966666666668,2,1440,1.0,True,11.717,2007,311,-0.36918032978803994,0.3635669957372102,1.1316367157595233,31.42917848153973,0.093125
2007-11-08,327,25.017666666666667,3,1440,1.0,True,8.529,2007,312,-0.6572315597918801,0.269581500838753,1.0832465524272994,28.938852632590823,0.13375
2007-11-09,328,36.1871,4,1440,1.0,True,19.948,2007,313,1.2405066978924568,0.8668921877419943,0.9097092782100663,30.725307494593267,0.2375
2007-11-10,329,43.526666666666664,5,1440,1.0,True,17.768,2007,314,1.07531965746589,0.835469523943502,0.9743767631892115,35.490276473473386,0.3525
2007-11-11,330,31.452066666666667,6,1440,1.0,True,9.789,2007,315,-1.2045024019026354,0.13967393282286902,0.9678387536434456,35.16556266612427,0.64875
2007-11-12,331,35.93576666666667,0,1440,1.0,True,18.464,2007,316,1.2906563311737507,0.8753054463583281,0.9130946125555783,30.140240874484363,0.744375
2007-11-13,332,36.90663333333334,1,1440,1.0,True,16.987,2007,317,0.48970706519167556,0.6774165717087327,1.1050920162908733,32.01945186241035,0.755
2007-11-14,333,34.13323333333333,2,1440,1.0,True,17.695,2007,318,-0.023233108343370095,0.4911686243582338,1.1575303082820028,32.45845709472662,0.749375
2007-11-15,334,24.866466666666668,3,1440,1.0,True,9.68,2007,319,-1.0221765025583303,0.17542162694330368,0.9962683600466699,29.941386867296334,0.71875
2007-11-16,335,38.4959,4,1440,1.0,True,20.215,2007,320,1.5569621112705792,0.9123159434849012,0.8114829893270508,31.70067053373501,0.7525
2007-11-17,336,43.50156666666667,5,1440,1.0,True,19.777,2007,321,0.8115028749327696,0.7734044379757894,1.063056665128097,36.43806671516834,0.7875
2007-11-18,337,36.39763333333334,6,1440,1.0,True,14.364,2007,322,-0.4175818906813911,0.3469668849136736,1.1231230821087956,36.08540397486994,0.6925
2007-11-19,338,28.727566666666668,0,1440,1.0,True,12.092,2007,323,-0.4313127696041581,0.34197751470964477,1.1271958977426402,31.031782804288337,0.584375
2007-11-20,339,34.930933333333336,1,1440,1.0,True,15.995,2007,324,0.5241969397130378,0.6888084461201164,1.0922818839224055,32.88236985168151,0.466875
2007-11-21,340,29.197266666666668,2,1439,0.9993055555555556,True,11.143,2007,325,-0.8671296117722472,0.2119029895477452,1.0373405145620926,33.29245263275367,0.56375
2007-11-22,341,32.2063,3,1440,1.0,True,12.165,2007,326,0.5363111898939474,0.6927720554108486,1.088513731942512,30.74618763218541,0.478125
2007-11-23,342,42.04363333333333,4,1440,1.0,True,22.034,2007,327,1.6155438603921541,0.9189566658962517,0.8020824778010137,32.47603050170442,0.5075
2007-11-24,343,31.6509,5,1440,1.0,True,19.155,2007,328,-1.6324802432353203,0.0793526449997932,0.7946114915830549,37.18376624113758,0.488125
2007-11-25,344,23.259966666666667,6,1440,1.0,True,9.513,2007,329,-2.0559938804392583,0.044754395065358665,0.6700307937758043,36.80124984430345,0.570625
2007-11-26,345,26.16193333333333,0,1440,1.0,True,10.302,2007,330,-0.08490890429056887,0.46789711408931645,1.1774762416398152,31.71760825630513,0.678125
2007-11-27,346,46.68353333333334,1,1440,1.0,True,27.194,2007,331,2.7314634236585005,0.9817011413324229,0.516838042793097,33.53803457345074,0.673125
2007-11-28,347,27.415666666666667,2,1440,1.0,True,9.761,2007,332,-2.0430300828610597,0.045608837394677124,0.6873728666082024,33.91784272525584,0.661875
2007-11-29,348,28.653833333333335,3,1439,0.9993055555555556,True,11.132,2007,333,-0.04575398835722793,0.48263902675869247,1.166931755845435,31.341215547429076,0.705
2007-11-30,349,38.86213333333333,4,1440,1.0,True,21.542,2007,334,1.2221772928377483,0.8636802609776422,0.9457431832526345,33.040634951539204,0.7725
2007-12-01,350,52.24903333333334,5,1440,1.0,True,27.556,2007,335,2.215350671612799,0.9638587287758,0.6476974947843701,37.71791207782329,0.666875
2007-12-02,351,49.10313333333333,6,1440,1.0,True,19.641,2007,336,1.1403288148615245,0.847942934658587,0.9490815078420565,37.30492791303775,0.70625
2007-12-03,352,29.367666666666665,0,1440,1.0,True,11.868,2007,337,-1.2949329156560254,0.12412822867975536,0.9127969083795324,32.19083521993987,0.81125
2007-12-04,353,34.4606,1,1440,1.0,True,15.401,2007,338,0.27765661909517786,0.6037045134850598,1.1391363409021869,33.980852709656396,0.826875
2007-12-05,354,35.88533333333333,2,1440,1.0,True,14.636,2007,339,0.25080334472136856,0.5939146560398914,1.1598033255315385,34.3303196964341,0.763125
2007-12-06,355,41.46556666666667,3,1440,1.0,True,16.977,2007,340,1.6417547292958552,0.9217917374729713,0.7995014213223476,31.72344414369744,0.7525
2007-12-07,356,29.483600000000003,4,1440,1.0,True,14.432,2007,341,-1.3559739662588195,0.11455382582777604,0.8933332871855236,33.392732807140575,0.77
2007-12-08,357,36.89006666666667,5,1440,1.0,True,15.77,2007,342,0.05703092587136446,0.5215611856951726,1.17660640635062,38.04002136135702,0.710625
2007-12-09,358,37.90973333333333,6,1440,1.0,True,15.332,2007,343,0.13321247802976047,0.5502865511231729,1.1771520675439389,37.59721499191927,0.651875
2007-12-10,359,29.312566666666665,0,1440,1.0,True,9.661,2007,344,-0.5815471093048687,0.29267441898699026,1.1111411809781566,32.453490299544214,0.618125
2007-12-11,360,38.4184,1,1440,1.0,True,17.607,2007,345,0.9665117902079827,0.8119283541706482,1.0018979707965627,34.214089447618576,0.62
2007-12-12,361,26.467699999999997,2,1440,1.0,True,9.165,2007,346,-1.7239127193422528,0.07000944773489264,0.7834210445266216,34.534374792611196,0.7075
2007-12-13,362,30.79576666666667,3,1440,1.0,True,11.462,2007,347,0.34302301623226894,0.6271161498778652,1.1352037377422675,31.898576906323864,0.711875
2007-12-14,363,32.913466666666665,4,1440,1.0,True,17.77,2007,348,-0.04005387873685847,0.48477247749082236,1.1916144167794847,33.539224695737744,0.631875
2007-12-15,364,45.6146,5,1440,1.0,True,19.706,2007,349,1.379412375634346,0.8888387010193629,0.9070059895562008,38.158175506983454,0.661875
2007-12-16,365,46.036966666666665,6,1440,1.0,True,18.62,2007,350,0.9964775606308232,0.818469978835228,1.0004864996147809,37.687355695372716,0.71375
2007-12-17,366,29.9511,0,1439,0.9993055555555556,True,12.446,2007,351,-1.0175393430719624,0.17650419385669638,1.001432196421083,32.515962508151084,0.720625
2007-12-18,367,43.7199,1,1440,1.0,True,18.026,2007,352,1.8717659232494983,0.942655325664436,0.7317969060991891,34.24925821127533,0.77125
2007-12-19,368,36.60086666666667,2,1440,1.0,True,15.57,2007,353,-0.26234587859304104,0.4019127245417768,1.1703241793066264,34.542624699759386,0.826875
2007-12-20,369,32.49596666666667,3,1440,1.0,True,15.727,2007,354,-0.02823993863816986,0.4892552001094078,1.1544986055791377,31.880311500566236,0.9125
2007-12-21,370,33.04293333333333,4,1440,1.0,True,13.642,2007,355,-0.12430318894236074,0.4529469517449908,1.1723118761810474,33.49486587383062,0.9425
2007-12-22,371,43.52106666666667,5,1440,1.0,True,21.042,2007,356,1.00488647928449,0.8204710177045026,0.9916727372631431,38.08816289894319,0.979375
2007-12-23,372,40.1508,6,1440,1.0,True,17.024,2007,357,0.09400886152506743,0.5355298764445636,1.1460814957972616,37.592146027481874,0.988125
2007-12-24,373,37.6308,0,1440,1.0,True,19.651,2007,358,0.7689203580089358,0.7622913926504709,1.0592686394625344,32.396028949638605,0.985625
2007-12-25,374,44.91613333333333,1,1440,1.0,True,17.04,2007,359,1.5887098116602159,0.9159117614342356,0.8368758301436902,34.1050897054918,0.99
2007-12-26,375,43.00466666666667,2,1440,1.0,True,13.362,2007,360,0.825629015452863,0.7769926998790395,1.0529936726181768,34.37472528065989,0.991875
2007-12-27,376,42.2033,3,1440,1.0,True,13.572,2007,361,1.3051645720177292,0.8775124330196584,0.89469251684146,31.68919959535222,0.985
2007-12-28,377,51.8842,4,1440,1.0,True,26.357,2007,362,2.627333237250678,0.9790346141128962,0.5441908251016866,33.28107359259954,0.98375
2007-12-29,378,54.982600000000005,5,1440,1.0,True,22.176,2007,363,1.8233993530385844,0.9382900541969436,0.7501554366969504,37.85223531221919,0.989375
2007-12-30,379,42.6486,6,1440,1.0,True,20.677,2007,364,-0.19687639085155265,0.4261520922720057,1.1555996478861197,37.334640432510106,0.983125
2007-12-31,380,36.942366666666665,0,1440,1.0,True,17.528,2007,365,0.51048484698869,0.6843949100130392,1.138550888171885,32.11751412634235,0.9725
2008-01-01,381,45.99563333333333,1,1440,1.0,True,17.555,2008,1,1.8631752013101097,0.941961627608376,0.7397122906986624,33.80614516299188,0.96125
2008-01-02,382,27.401766666666667,2,1440,1.0,True,12.081,2008,2,-2.0067487533479547,0.04786855983440926,0.6896318040206098,34.055940495280936,0.936875
2008-01-03,383,25.168466666666667,3,1440,1.0,True,8.647,2008,3,-0.6627264829716164,0.26801079876121797,1.0918855611444451,31.351173241033116,0.885625
2008-01-04,384,38.19753333333333,4,1440,1.0,True,18.319,2008,4,1.3577306625440406,0.8857175736216607,0.9027282459102571,32.92441276464781,0.83625
2008-01-05,385,36.38746666666667,5,1440,1.0,True,16.99,2008,5,-0.5486919146337108,0.30329146224059456,1.115707363029942,37.4775547453481,0.66625
2008-01-06,386,30.419733333333333,6,1440,1.0,True,12.235,2008,6,-1.09659772006021,0.159963441761586,0.9602970903599635,36.94256171409831,0.60375
2008-01-07,387,28.26356666666667,0,1440,1.0,True,11.864,2008,7,-0.17806674407819578,0.43285591494449854,1.1631797514855862,31.70866490587255,0.66625
2008-01-08,388,34.05916666666666,1,1440,1.0,True,15.501,2008,8,0.35429741349905763,0.6311597558320208,1.154866172837792,33.381158358617604,0.644375
2008-01-09,389,29.807333333333336,2,1440,1.0,True,10.409,2008,9,-0.7244922403482726,0.2501379326723781,1.0376664860267193,33.615453498477585,0.64125
2008-01-10,390,31.567933333333333,3,1440,1.0,True,11.584,2008,10,0.37503328088612314,0.638490037904432,1.1416137147508563,30.895827120290356,0.708125
2008-01-11,391,28.4303,4,1440,1.0,True,9.548,2008,11,-0.7688598688949664,0.23757102626168192,1.0759678780985995,32.4548514691559,0.719375
2008-01-12,392,47.8568,5,1440,1.0,True,19.331,2008,12,2.2174633894797093,0.9639925823483564,0.6360422684112563,36.99442430963592,0.7075
2008-01-13,393,48.0276,6,1439,0.9993055555555556,True,16.207,2008,13,1.3468011604118986,0.8838466477057039,0.904713404290378,36.44650946457516,0.69125
2008-01-14,394,33.748866666666665,0,1440,1.0,True,15.995,2008,14,-0.31815738050934433,0.38169725209434063,1.1461913461447693,31.200338670220066,0.696875
2008-01-15,395,44.781866666666666,1,1440,1.0,True,22.177,2008,15,1.9674913748719112,0.9496428081705649,0.6816235864476766,32.86120567897899,0.72
2008-01-16,396,35.59753333333333,2,1440,1.0,True,13.983,2008,16,-0.3456142329920738,0.37207642990516426,1.1438874187320471,33.084520849377405,0.76375
2008-01-17,397,26.2047,3,1440,1.0,True,10.014,2008,17,-0.9134294472145627,0.20028067506434527,1.0179521035926882,30.35455913222301,0.7825
2008-01-18,398,36.4498,4,1440,1.0,True,16.863,2008,18,1.0908456794691974,0.8388904026892995,0.9543419940234162,31.903890158759076,0.764375
2008-01-19,399,33.0051,5,1440,1.0,True,16.59,2008,19,-0.9193881737555742,0.19907505429037886,1.0163323807530105,36.43440831736848,0.83
2008-01-20,400,29.00613333333333,6,1440,1.0,True,7.095,2008,20,-1.0024104401461813,0.17991023751429805,0.9995241327444091,35.87807330079969,0.828125
2008-01-21,401,30.9833,0,1440,1.0,True,10.823,2008,21,0.5271603052191273,0.6897910655036008,1.1028329436993227,30.624111970585776,0.784375
2008-01-22,402,38.7503,1,1440,1.0,True,19.862,2008,22,1.137681815362872,0.8481644132818638,0.970533768394962,32.27781246998188,0.824375
2008-01-23,403,31.3718,2,1440,1.0,True,14.862,2008,23,-0.6319344570801685,0.27737046337128285,1.090708078769967,32.4945788249675,0.82125
2008-01-24,404,27.417033333333332,3,1440,1.0,True,7.362,2008,24,-0.3454416821872785,0.37181383736791845,1.1508755825133994,29.758678942311487,0.768125
2008-01-25,405,37.330933333333334,4,1440,1.0,True,13.83,2008,25,1.2352431801675423,0.8660555173369856,0.9219589276774787,31.30267471045861,0.83125
2008-01-26,406,47.2498,5,1440,1.0,True,20.842,2008,26,1.643237999013928,0.9218424237767155,0.7903366986266337,35.82845208979251,0.75125
2008-01-27,407,39.6961,6,1440,1.0,True,14.91,2008,27,0.02701296375238736,0.5102128628193319,1.1631748691760004,35.26796167422048,0.870625
2008-01-28,408,38.46993333333333,0,1440,1.0,True,14.214,2008,28,1.221182465317737,0.8635899937926657,0.9204364619264379,30.010420570738084,0.90625
2008-01-29,409,44.6004,1,1440,1.0,True,18.763,2008,29,1.7535282924465352,0.9326660745223394,0.7589158995763864,31.66110652827665,0.895
2008-01-30,410,27.3441,2,1440,1.0,True,7.522,2008,30,-1.6767312248131203,0.07478930141024161,0.7792549868649803,31.875412555363788,0.91125
2008-01-31,411,32.56536666666667,3,1440,1.0,True,10.869,2008,31,0.917415067727521,0.8005115353464279,1.0239147267723456,29.13759493556739,0.891875
2008-02-01,412,25.577533333333335,4,1440,1.0,True,7.857,2008,32,-1.1470557906242036,0.14983564371706884,0.9602499837055802,30.680203346469337,0.889375
2008-02-02,413,48.9339,5,1439,0.9993055555555556,True,24.199,2008,33,2.8035381947725755,0.9833063219695025,0.49908659429987895,35.20511096868904,0.86875
2008-02-03,414,34.7428,6,1440,1.0,True,15.206,2008,34,-0.9038586156628935,0.20313723876643447,1.024603471243754,34.64425506689161,0.806875
2008-02-04,415,27.13563333333333,0,1440,1.0,True,10.944,2008,35,-0.408335233809416,0.3498194537168214,1.1443111498560756,29.386838889404984,0.8
2008-02-05,416,41.2076,1,1440,1.0,True,22.618,2008,36,1.9755227584541084,0.950214818333197,0.7062795446976088,31.038125817727177,0.741875
2008-02-06,417,27.825666666666667,2,1440,1.0,True,10.898,2008,37,-1.2930869298445058,0.12444607932378485,0.9173202960018534,31.25349400542759,0.65
2008-02-07,418,25.305166666666665,3,1440,1.0,True,8.384,2008,38,-0.3467923095415592,0.37136267788179195,1.1571741769928485,28.517184415390464,0.699375
2008-02-08,419,32.5094,4,1440,1.0,True,12.424,2008,39,0.6518402658646302,0.7287907689490756,1.090783416929189,30.061730961110904,0.674375
2008-02-09,420,35.03793333333333,5,1440,1.0,True,15.181,2008,40,-0.08338883289777094,0.46839136390926256,1.1692024928098546,34.58899063854457,0.74625
2008-02-10,421,36.4119,6,1440,1.0,True,15.645,2008,41,0.3961582500439962,0.6458495796166204,1.1442542233224957,34.03088413041562,0.67875
2008-02-11,422,28.200266666666668,0,1440,1.0,True,10.245,2008,42,-0.2611447239450923,0.4021642436241251,1.1681637154030613,28.776597729567886,0.65875
2008-02-12,423,33.12996666666667,1,1440,1.0,True,16.003,2008,43,0.5240332850705139,0.6888613321695348,1.087368988385424,30.43137751263258,0.649375
2008-02-13,424,31.674966666666663,2,1440,1.0,True,13.713,2008,44,0.00622294696840374,0.5023542695046163,1.1905764255241957,30.650584003466175,0.598125
2008-02-14,425,26.7437,3,1440,1.0,True,10.89,2008,45,-0.2801690260735479,0.3952168516195202,1.148323002422694,27.9184402352843,0.708125
2008-02-15,426,33.42013333333333,4,1440,1.0,True,16.249,2008,46,0.785047111090435,0.7667869820480618,1.0746974520478398,29.467461917174656,0.735625
2008-02-16,427,39.1158,5,1440,1.0,True,15.035,2008,47,0.6524042985892651,0.728794398338268,1.085729522705078,33.99948759145461,0.73
2008-02-17,428,32.2228,6,1440,1.0,True,11.488,2008,48,-0.5629905285415099,0.29866406190590544,1.1137140389811249,33.446419263741774,0.70625
2008-02-18,429,25.240066666666667,0,1440,1.0,True,10.596,2008,49,-0.4460650848302373,0.3369419702150191,1.1473192007374018,28.1974243523104,0.57125
2008-02-19,430,35.448600000000006,1,1440,1.0,True,17.792,2008,50,1.2023156671561046,0.8602461503491236,0.9190234919637441,29.85772988794475,0.369375
2008-02-20,431,37.56316666666667,2,1440,1.0,True,16.875,2008,51,0.9696185509989832,0.8126322654538793,1.0057099494664,30.082677203740488,0.18
2008-02-21,432,27.230833333333333,3,1440,1.0,True,8.83,2008,52,-0.5250737731344044,0.3107246206787305,1.1277793981600552,27.356470023726878,0.07625
2008-02-22,433,28.876066666666667,4,1440,1.0,True,13.253,2008,53,-0.00012804194101504317,0.4999336175666295,1.1588306248141453,28.911604655971242,0.0325
2008-02-23,434,30.566166666666668,5,1438,0.9986111111111112,True,13.974,2008,54,-0.5140162167497081,0.31444989768376996,1.133718645219924,33.449900176594674,0.0175
2008-02-24,435,21.050133333333335,6,1440,1.0,True,12.533,2008,55,-1.9316409383257829,0.05285551545043629,0.7117839132342487,32.903239086535685,0.005625
2008-02-25,436,8.408133333333334,0,1440,1.0,True,2.177,2008,56,-2.6539638407059725,0.02025696355622009,0.5303367001796141,27.66076928759976,0.001875
2008-02-26,437,8.452,1,1440,1.0,True,2.308,2008,57,-2.4487967577469756,0.026642703528291727,0.5761788547108881,29.327698308979098,0.001875
2008-02-27,438,9.445333333333334,2,1440,1.0,True,3.295,2008,58,-2.2013946697370956,0.037143788731042494,0.6431967836432159,29.559348023651967,0.00125
2008-02-28,439,8.4864,3,1440,1.0,True,2.309,2008,59,-1.9413864846842501,0.052594211972608725,0.7019887145690155,26.839902763509425,0.001875
2008-02-29,440,22.222466666666666,4,1440,1.0,True,11.835,2008,60,0.1213987276225594,0.545735818284449,1.1571195956668816,28.401839538837923,0.004375
2008-03-01,441,19.031266666666667,5,1440,1.0,True,4.011,2008,61,-2.079311500688356,0.04336320478826216,0.6541263013717252,32.9469582485483,0.005625
2008-03-02,442,19.370433333333335,6,1440,1.0,True,7.809,2008,62,-1.4036494189867463,0.10795145116098247,0.8670904057146981,32.407122362962895,0.0075
2008-03-03,443,17.342499999999998,0,1440,1.0,True,3.962,2008,63,-0.8851703342316316,0.20778847256060953,1.0314272818015888,27.171460925661087,0.01125
2008-03-04,444,27.8165,1,1440,1.0,True,13.107,2008,64,0.4769278404287286,0.673182091944585,1.1024212345248088,28.84516280554437,0.028125
2008-03-05,445,33.95346666666667,2,1440,1.0,True,16.471,2008,65,0.9459635237683607,0.8072451810756219,1.0233566164970398,29.083531438486713,0.105
2008-03-06,446,41.72013333333334,3,1440,1.0,True,8.419,2008,66,2.4243241900906596,0.9727476756361187,0.5644821083452553,26.37073296740099,0.220625
2008-03-07,447,31.049266666666664,4,1440,1.0,True,13.739,2008,67,-0.4740465732263378,0.32783171175313486,1.1308681697398424,27.93922648630508,0.388125
2008-03-08,448,37.477666666666664,5,1440,1.0,True,15.067,2008,68,0.6861187106680215,0.7387947212593561,1.0557161342189647,32.49079427476367,0.52875
2008-03-09,449,26.007633333333334,6,1440,1.0,True,7.095,2008,69,-1.4010831988628931,0.1078446547071483,0.8771608836622908,31.95728250447384,0.5975
2008-03-10,450,26.9781,0,1440,1.0,True,11.037,2008,70,0.446353770637769,0.6630590464681636,1.1388236562651581,26.727803264475725,0.715625
2008-03-11,451,36.667366666666666,1,1440,1.0,True,18.108,2008,71,1.4659855582699712,0.9011335684693159,0.8550184271857142,28.407528836112338,0.803125
2008-03-12,452,29.570533333333337,2,1440,1.0,True,14.536,2008,72,-0.38523702694864453,0.35800422238617763,1.1460357247618957,28.651746457086915,0.838125
2008-03-13,453,27.92523333333333,3,1440,1.0,True,12.317,2008,73,0.2930579849072446,0.6094397476724658,1.1584121004957706,25.944606483407405,0.760625
2008-03-14,454,36.837,4,1440,1.0,True,19.337,2008,74,1.5357662908471799,0.9099915437105982,0.8519518436980433,27.51855265479262,0.584375
2008-03-15,455,26.271666666666665,5,1440,1.0,True,8.962,2008,75,-1.664486779018274,0.07592551797207346,0.7925382251734845,32.075352349869505,0.6375
2008-03-16,456,30.032666666666668,6,1440,1.0,True,14.246,2008,76,0.11797033514612845,0.5446039879991575,1.1723141858959572,31.54683731292225,0.61375
2008-03-17,457,28.448633333333337,0,1440,1.0,True,16.233,2008,77,0.4852839530510382,0.6762017728557369,1.1585574380494654,26.322105698639987,0.743125
2008-03-18,458,31.959433333333333,1,1440,1.0,True,17.719,2008,78,0.568248887174007,0.7030873809186869,1.1200104687316343,28.00631636596415,0.795
2008-03-19,459,21.807466666666667,2,1440,1.0,True,8.675,2008,79,-1.4166347423506729,0.10562140175947263,0.8741705498332157,28.254743660365815,0.781875
2008-03-20,460,20.8879,3,1440,1.0,True,8.255,2008,80,-0.4037329425463709,0.351498300369183,1.1479246212809813,25.551525593315187,0.7725
2008-03-21,461,34.4407,4,1440,1.0,True,20.224,2008,81,1.6218422663600827,0.9197831067874523,0.8017210580396932,27.12909412449612,0.738125
2008-03-22,462,34.22526666666667,5,1440,1.0,True,16.315,2008,82,-0.03479073399696167,0.48679173590042935,1.1692754307668656,31.689205433079813,0.705625
2008-03-23,463,38.76649999999999,6,1440,1.0,True,22.269,2008,83,1.1929430821956513,0.8585751862158473,0.9281208701780997,31.163680659794796,0.831875
2008-03-24,464,32.91113333333333,0,1439,0.9993055555555556,True,14.127,2008,84,0.7419720870626879,0.7548407837722511,1.0579619174380788,25.94160796621727,0.866875
2008-03-25,465,33.5976,1,1440,1.0,True,19.417,2008,85,0.6049336178840297,0.7144717699414126,1.1038192812120542,27.62813684237898,0.844375
2008-03-26,466,27.224533333333333,2,1440,1.0,True,13.925,2008,86,-0.5133016558420603,0.3146518007783669,1.1244294755882585,27.878532901985402,0.859375
2008-03-27,467,22.847033333333336,3,1440,1.0,True,9.378,2008,87,-0.37390784273266475,0.36176713373592717,1.1355804056744092,25.176926074011575,0.895625
2008-03-28,468,31.423733333333335,4,1440,1.0,True,17.511,2008,88,0.9915029993146143,0.8179091973314354,1.0023770820908249,26.755740896196798,0.881875
2008-03-29,469,41.185833333333335,5,1440,1.0,True,22.768,2008,89,1.457130854970289,0.8998425549215123,0.8689683217392303,31.316726796749478,0.853125
2008-03-30,470,35.773199999999996,6,1440,1.0,True,16.129,2008,90,0.23123763863540198,0.5867427395624165,1.1509899188834243,30.791698845980218,0.8525
2008-03-31,471,22.9595,0,1440,1.0,True,10.889,2008,91,-0.7993543118015667,0.22935575909622036,1.0647645505191758,25.569739824280617,0.783125
2008-04-01,472,35.4842,1,1440,1.0,True,22.251,2008,92,1.6525086706043726,0.9230175680415148,0.7930689507885836,27.255994537526508,0.735
2008-04-02,473,28.194533333333332,2,1440,1.0,True,12.769,2008,93,-0.4240437723418286,0.3445583692658966,1.149961797008291,27.50572461919663,0.824375
2008-04-03,474,18.8126,3,1440,1.0,True,7.323,2008,94,-1.1201056258099076,0.1550408130789894,0.9550594342197292,24.803056727961927,0.77625
2008-04-04,475,27.19863333333333,4,1440,1.0,True,16.154,2008,95,0.5470066665068194,0.6963415094533805,1.0946165012335405,26.38041284625972,0.791875
2008-04-05,476,32.84603333333333,5,1440,1.0,True,17.447,2008,96,0.28806380698194467,0.6075102528341099,1.15717084529344,30.939540566154978,0.805
2008-04-06,477,28.271966666666668,6,1440,1.0,True,11.291,2008,97,-0.5112240437086484,0.3153280476381512,1.129107920101378,30.41225384420854,0.83375
2008-04-07,478,25.6473,0,1440,1.0,True,12.558,2008,98,0.22870821977794414,0.5859457376723083,1.1540735972393303,25.187635071755935,0.84375
2008-04-08,479,44.29193333333333,1,1440,1.0,True,30.984,2008,99,3.0944985561787375,0.9884356100737421,0.43938106261659415,26.87082939168207,0.87
2008-04-09,480,20.314200000000003,2,1440,1.0,True,9.379,2008,100,-2.383624180132356,0.028925106463446724,0.6021894300787244,27.11709950097481,0.820625
2008-04-10,481,24.6291,3,1440,1.0,True,10.245,2008,101,0.49545122884544385,0.6795325967929545,1.140680950419046,24.410573847812476,0.7975
2008-04-11,482,31.2944,4,1440,1.0,True,16.815,2008,102,0.9358263840632743,0.8051141230636324,1.0225610115192831,25.983676928701325,0.838125
2008-04-12,483,46.666900000000005,5,1440,1.0,True,24.8,2008,103,2.5361427666416954,0.9764347629136831,0.5515845886338502,30.53815957197,0.865
2008-04-13,484,37.216433333333335,6,1440,1.0,True,21.503,2008,104,0.2109515000269204,0.5791106023204259,1.155587384654209,30.0058396893334,0.88875
2008-04-14,485,26.493033333333333,0,1440,1.0,True,11.622,2008,105,-0.1731390357939071,0.4346851024067346,1.177484993385151,24.77580434194588,0.900625
2008-04-15,486,27.8401,1,1440,1.0,True,15.046,2008,106,0.1358672691603827,0.5513822556930613,1.190111389514059,26.453204052023185,0.885
2008-04-16,487,24.817733333333333,2,1440,1.0,True,12.563,2008,107,-0.42483293400379535,0.344165986894151,1.1586329599237069,26.693307599329273,0.7875
2008-04-17,488,23.264366666666668,3,1440,1.0,True,10.774,2008,108,-0.002616889331955159,0.4990078158878523,1.1493764714011923,23.980250211288443,0.8125
2008-04-18,489,31.039833333333338,4,1440,1.0,True,16.927,2008,109,1.031193481031255,0.8266665250492886,0.9804299150500446,25.54646385224328,0.756875
2008-04-19,490,37.56183333333333,5,1440,1.0,True,21.498,2008,110,0.9713521049769551,0.8130876152542066,1.006546867720317,30.09370749818001,0.68
2008-04-20,491,29.856966666666665,6,1440,1.0,True,15.975,2008,111,-0.44637455015572497,0.33699406198144854,1.1617592732515185,29.55380787864057,0.3875
2008-04-21,492,19.4026,0,1440,1.0,True,9.461,2008,112,-0.898432286636969,0.2039002330705917,1.0294982314796652,24.31586153225561,0.22625
2008-04-22,493,27.12793333333333,1,1440,1.0,True,16.667,2008,113,0.5368132839118751,0.6930628406324283,1.1278929337346926,25.98502910698489,0.141875
2008-04-23,494,22.622133333333338,2,1440,1.0,True,10.278,2008,114,-0.7166847801397909,0.25215900177551154,1.0890118603920564,26.216590144384867,0.176875
2008-04-24,495,17.3962,3,1440,1.0,True,7.081,2008,115,-0.852291112777375,0.21548562973525034,1.0446354758832603,23.494691256663423,0.145625
2008-04-25,496,21.1289,4,1440,1.0,True,12.228,2008,116,-0.295786334912615,0.38959862422427555,1.1562004224339035,25.05177640207449,0.09
2008-04-26,497,15.052766666666669,5,1440,1.0,True,4.22,2008,117,-2.3416808100968005,0.030467858135559557,0.6031001143250614,29.589617144978774,0.079375
2008-04-27,498,16.804,6,1440,1.0,True,6.769,2008,118,-1.2181625315830265,0.13748844011832437,0.9215279991319403,29.040053382310703,0.03125
2008-04-28,499,10.9842,0,1440,1.0,True,3.407,2008,119,-1.4726339520467024,0.09821532296641536,0.8401364718121477,23.792195382906755,0.0225
2008-04-29,500,32.876933333333334,1,1440,1.0,True,17.294,2008,120,2.1924783379171076,0.9627751752092434,0.6349597467854619,25.451218070798955,0.033125
2008-04-30,501,18.3621,2,1440,1.0,True,8.3,2008,121,-1.8043867042976751,0.06271868276331047,0.7469043425447307,25.672415791811193,0.044375
2008-05-01,502,9.600233333333334,3,1440,1.0,True,3.116,2008,122,-1.9012411460233514,0.05503430793796306,0.7256050176674035,22.939950472245954,0.039375
2008-05-02,503,24.9628,4,1440,1.0,True,12.385,2008,123,0.9783994512961978,0.81453801247656,0.9936064565554261,24.486281875229626,0.088125
2008-05-03,504,21.493333333333332,5,1440,1.0,True,8.072,2008,124,-1.3791311291784376,0.11098392282479745,0.8563670318573713,29.013197841069253,0.1425
2008-05-04,505,24.516166666666667,6,1440,1.0,True,10.532,2008,125,-0.20127936429148113,0.4243094989677224,1.1660111630382017,28.452554993382126,0.253125
2008-05-05,506,22.7822,0,1440,1.0,True,11.583,2008,126,0.1926242190155749,0.5726112338698707,1.177751561969053,23.193480757481385,0.3425
2008-05-06,507,29.833,1,1440,1.0,True,18.964,2008,127,0.9244091056792888,0.802370303562629,1.0180361364688724,24.84116762214132,0.494375
2008-05-07,508,19.6044,2,1440,1.0,True,8.102,2008,128,-1.307244232089365,0.12185243989595312,0.9007008808292448,25.05092788411139,0.423125
2008-05-08,509,35.278299999999994,3,1440,1.0,True,17.086,2008,129,2.6899567780163944,0.9807343242032954,0.5213438143441453,22.306941784189224,0.521875
2008-05-09,510,29.1212,4,1440,1.0,True,14.556,2008,130,0.07419601465957643,0.5280638500431332,1.1507696123700588,23.841687740449764,0.625625
2008-05-10,511,31.8188,5,1440,1.0,True,19.276,2008,131,0.2669885475595965,0.5998672433099581,1.1736459531728178,28.356972565008125,0.65625
2008-05-11,512,26.848666666666663,6,1440,1.0,True,8.833,2008,132,-0.40033918253227313,0.3526719642873006,1.1369732535583899,27.78467214611561,0.74
2008-05-12,513,25.4034,0,1440,1.0,True,15.126,2008,133,0.5827829368580545,0.7078039168752988,1.1107535255374388,22.513933442084046,0.79625
2008-05-13,514,24.6149,1,1440,1.0,True,13.282,2008,134,-0.10874977793436803,0.45880574118098283,1.1610026420629582,24.149968718210133,0.76
2008-05-14,515,26.404366666666665,2,1440,1.0,True,15.619,2008,135,0.34107242991292447,0.6266624848051525,1.1403696978697553,24.3481102660854,0.754375
2008-05-15,516,19.379466666666666,3,1440,1.0,True,8.258,2008,136,-0.5355296106917946,0.307233139442601,1.1182696277508513,21.592558514138663,0.784375
2008-05-16,517,27.467166666666667,4,1438,0.9986111111111112,True,13.748,2008,137,0.9260971830046709,0.8027907732028023,1.0227011008537374,23.115812235037296,0.64375
2008-05-17,518,27.624233333333333,5,1440,1.0,True,15.565,2008,138,-0.2907903859059237,0.3914524063218672,1.1572360931069126,27.619698736356284,0.611875
2008-05-18,519,30.065966666666668,6,1440,1.0,True,15.756,2008,139,0.5421813385256936,0.6947709361468323,1.101144239504356,27.03611451634597,0.575625
2008-05-19,520,17.171033333333334,0,1440,1.0,True,9.075,2008,140,-1.0230814399653934,0.17502267734845225,0.9813923836825416,21.754227231324286,0.654375
2008-05-20,521,26.355566666666668,1,1440,1.0,True,15.76,2008,141,0.8423795979337798,0.7819880242447792,1.018426338888239,23.379269905901534,0.62625
2008-05-21,522,22.068533333333335,2,1440,1.0,True,11.714,2008,142,-0.46484671046848997,0.33053888677081744,1.1317342929332517,23.566595625448915,0.675625
2008-05-22,523,16.281133333333333,3,1440,1.0,True,7.911,2008,143,-0.7108362142211508,0.2537557252859292,1.1040705547248946,20.8004256196951,0.6175
2008-05-23,524,24.7486,4,1440,1.0,True,16.124,2008,144,0.7370017502760318,0.753609474418998,1.0649247977277263,22.31327944310884,0.62125
2008-05-24,525,26.336266666666667,5,1440,1.0,True,14.429,2008,145,-0.2477967693875056,0.40707667541651504,1.1579264563461766,26.807005138509574,0.60125
2008-05-25,526,34.141733333333335,6,1440,1.0,True,19.134,2008,146,1.4517862764259937,0.8992464848504393,0.8592805392155424,26.2135198657649,0.619375
2008-05-26,527,21.495166666666663,0,1440,1.0,True,10.935,2008,147,-0.4276970017760313,0.34315254026115305,1.1303250003326684,20.922011842144638,0.6475
2008-05-27,528,28.478333333333335,1,1440,1.0,True,16.83,2008,148,1.0275138209603225,0.8258846680588006,0.98261334432289,22.537734525558363,0.66375
2008-05-28,529,18.572866666666663,2,1440,1.0,True,10.359,2008,149,-1.1382059321306717,0.1515388981856917,0.9613473253976553,22.71606128013125,0.675625
2008-05-29,530,18.917933333333337,3,1440,1.0,True,10.214,2008,150,0.09291999294448862,0.5352114762278574,1.157486584112048,19.941233433031464,0.741875
2008-05-30,531,23.2874,4,1440,1.0,True,14.317,2008,151,0.39570109286533994,0.6458545800019446,1.167129299985245,21.445790428237398,0.7625
2008-05-31,532,27.357833333333335,5,1440,1.0,True,15.95,2008,152,0.1317078310229049,0.5497922987961686,1.194125340678729,25.93159996372165,0.741875
2008-06-01,533,30.8146,6,1440,1.0,True,13.758,2008,153,0.8860254161635188,0.792938565715608,1.0323655468225479,25.33059859394409,0.7875
2008-06-02,534,17.900199999999998,0,1440,1.0,True,7.859,2008,154,-0.7489942288276751,0.2429368423340334,1.0864141435408965,20.031993644252555,0.715
2008-06-03,535,26.630266666666667,1,1440,1.0,True,14.77,2008,155,1.0380421201753771,0.8281589564875195,0.9983885284489952,21.64105736845077,0.734375
2008-06-04,536,26.48186666666667,2,1440,1.0,True,15.74,2008,156,0.5048274088839019,0.6827115171100249,1.1356448925216682,21.813181589018637,0.665
2008-06-05,537,18.667966666666665,3,1440,1.0,True,11.034,2008,157,-0.38049173132464753,0.3594363177851225,1.1291320455120877,19.03262572893377,0.675625
2008-06-06,538,20.295233333333332,4,1440,1.0,True,9.386,2008,158,-0.021415718415871202,0.4918565126406525,1.1720530363637953,20.53194694080793,0.71
2008-06-07,539,31.37473333333333,5,1440,1.0,True,19.583,2008,159,1.1554567706289585,0.8516391415057153,0.9595894241891801,25.013030219845145,0.78625
2008-06-08,540,25.705366666666663,6,1440,1.0,True,15.429,2008,160,-0.19588114994508987,0.42623895266416967,1.1704529674001969,24.407828982549457,0.769375
2008-06-09,541,22.094966666666668,0,1440,1.0,True,11.973,2008,161,0.449458882145392,0.6643401808487378,1.103691512076184,19.10556695780233,0.835
2008-06-10,542,17.78483333333333,1,1440,1.0,True,10.484,2008,162,-0.7248530829396329,0.2497319223789758,1.083115299202036,20.711532321602938,0.873125
2008-06-11,543,18.7201,2,1440,1.0,True,9.385,2008,163,-0.1888354554369073,0.4288032903783565,1.1836246641352772,20.881132314987077,0.83375
2008-06-12,544,20.98886666666667,3,1440,1.0,True,9.764,2008,164,0.660721041855544,0.731579460281888,1.084447782933712,18.098641254091486,0.874375
2008-06-13,545,31.238,4,1439,0.9993055555555556,True,20.698,2008,165,1.8890953810465105,0.9441309083224769,0.714930135239847,19.596630638110625,0.913125
2008-06-14,546,23.082,5,1440,1.0,True,13.554,2008,166,-0.9604447331263775,0.18948530860583004,0.9997834698320367,24.0769992416834,0.95125
2008-06-15,547,38.1517,6,1440,1.0,True,24.862,2008,167,2.6961226539449545,0.9808863451003631,0.5113328482524957,23.471713673651657,0.94375
2008-06-16,548,21.7174,0,1440,1.0,True,12.456,2008,168,-0.34858702803760694,0.3709008914042106,1.1398166953981854,18.17001024884442,0.948125
2008-06-17,549,19.084733333333336,1,1440,1.0,True,11.606,2008,169,-0.3621558352491728,0.3658507104177191,1.14852897136705,19.777189104202694,0.9575
2008-06-18,550,31.560133333333333,2,1440,1.0,True,23.276,2008,170,2.129735640278771,0.9596327238347545,0.6618058815854602,19.948668798779362,0.97
2008-06-19,551,26.46803333333333,3,1440,1.0,True,15.836,2008,171,0.8853662722051011,0.7925915775982343,1.0305864484305494,17.168734306611352,0.976875
2008-06-20,552,27.935066666666668,4,1440,1.0,True,18.3,2008,172,1.0328445456678823,0.8268227260741229,0.9649841395998373,18.669967108226018,0.97875
2008-06-21,553,28.90423333333333,5,1440,1.0,True,19.591,2008,173,0.40767081380522446,0.6497784397999257,1.1480845047999173,23.154275267342282,0.98125
2008-06-22,554,26.106933333333338,6,1440,1.0,True,16.532,2008,174,0.24877335621043742,0.593284911743978,1.152096310732886,22.553633974727596,0.975625
2008-06-23,555,20.863266666666668,0,1440,1.0,True,13.305,2008,175,0.40793255302471415,0.6501300485946918,1.1526588666671886,17.257287405885723,0.926875
2008-06-24,556,29.240866666666665,1,1440,1.0,True,20.539,2008,176,1.6166424432221183,0.919290234381578,0.7959805772313848,18.870542823902674,0.906875
2008-06-25,557,21.0295,2,1440,1.0,True,12.744,2008,177,-0.3390886945063636,0.37417205085512195,1.1814634946896694,19.048825167010193,0.921875
2008-06-26,558,17.60033333333333,3,1440,1.0,True,10.464,2008,178,0.1014073144831423,0.5384209277473769,1.1771879383875057,16.27642502986995,0.868125
2008-06-27,559,29.252533333333336,4,1440,1.0,True,16.694,2008,179,1.9621281377887987,0.9493983475437087,0.7107069913111627,17.7859287443673,0.83875
2008-06-28,560,20.146666666666665,5,1440,1.0,True,9.932,2008,180,-1.153339904131558,0.1489096471100837,0.968126406124793,22.279248446475165,0.76
2008-06-29,561,12.4892,6,1440,1.0,True,5.386,2008,181,-1.5087649914840053,0.09337520407407801,0.8283466790290549,21.6883626111775,0.741875
2008-06-30,562,13.403266666666669,0,1440,1.0,True,7.34,2008,182,0.07900823743006188,0.5299409839033175,1.1720692634640728,16.402517902121488,0.783125
2008-07-01,563,20.254,1,1440,1.0,True,12.442,2008,183,0.5996517968968496,0.71308352042239,1.058675036591012,18.027023267356032,0.768125
2008-07-02,564,19.120033333333332,2,1440,1.0,True,8.614,2008,184,0.013627189452895393,0.505180857099464,1.1730014449404553,18.21730452070715,0.69625
2008-07-03,565,18.305999999999997,3,1440,1.0,True,10.937,2008,185,0.44668132787972226,0.6633413874676851,1.1258479000069201,15.457652317815914,0.65
2008-07-04,566,15.700333333333331,4,1440,1.0,True,8.891,2008,186,-0.42540110353705596,0.34388050427534134,1.1262022184161469,16.98065223262685,0.6825
2008-07-05,567,24.4848,5,1440,1.0,True,16.994,2008,187,0.6208734872182171,0.7194489212329485,1.0959133403887973,21.48821482089897,0.624375
2008-07-06,568,30.0844,6,1440,1.0,True,17.024,2008,188,1.4400703909243975,0.8977241094407744,0.8533298243582249,20.912316152727488,0.66375
2008-07-07,569,16.389833333333332,0,1440,1.0,True,9.912,2008,189,-0.48194385370254667,0.3248841200000253,1.1178658706275746,15.642199660761134,0.754375
2008-07-08,570,18.770233333333337,1,1440,1.0,True,9.086,2008,190,0.2154152167647795,0.5810979081418963,1.1591565764299594,17.28317023546041,0.81125
2008-07-09,571,15.321966666666668,2,1440,1.0,True,8.802,2008,191,-0.48756523514159383,0.32297637047494065,1.1212920804368331,17.4906488069624,0.80875
2008-07-10,572,20.8546,3,1440,1.0,True,9.72,2008,192,1.23636599828307,0.8664075926020746,0.9311295168963261,14.748920322570763,0.811875
2008-07-11,573,20.903599999999997,4,1440,1.0,True,10.533,2008,193,0.4122882770273448,0.6515407986398565,1.1260134510695934,16.290563825661224,0.841875
2008-07-12,574,22.147533333333335,5,1440,1.0,True,14.284,2008,194,-0.0734155206647646,0.47216470480836614,1.151552758095786,20.8174825225739,0.87625
2008-07-13,575,20.895899999999997,6,1438,0.9986111111111112,True,11.891,2008,195,0.02117760695420212,0.5080468969352614,1.1509959492553026,20.261644319475387,0.87
2008-07-14,576,18.965433333333333,0,1440,1.0,True,10.995,2008,196,0.6651752505599271,0.7329595820288753,1.0905548127368092,15.012283675872192,0.783125
2008-07-15,577,19.264333333333333,1,1440,1.0,True,10.105,2008,197,0.19783691178102716,0.5745721545970919,1.161208664001897,16.6746957061191,0.805625
2008-07-16,578,17.95103333333333,2,1440,1.0,True,9.314,2008,198,0.014674527641126946,0.5055788398647574,1.1560473410133272,16.904290768476326,0.77875
2008-07-17,579,21.985366666666668,3,1440,1.0,True,10.125,2008,199,1.3242221043793985,0.8808719900946207,0.8926075472240336,14.185342450734577,0.793125
2008-07-18,580,21.0264,4,1440,1.0,True,10.955,2008,200,0.41730277946486843,0.653228394588824,1.1434300342341885,15.750417658179519,0.783125
2008-07-19,581,22.400233333333333,5,1440,1.0,True,13.763,2008,201,0.01976603578773245,0.5074942032858039,1.1873156434926204,20.301406690467868,0.735625
2008-07-20,582,15.692233333333332,6,1440,1.0,True,8.476,2008,202,-0.8752486252589972,0.2097142900741748,1.0377491823816671,19.770263789382064,0.661875
2008-07-21,583,19.274633333333338,0,1440,1.0,True,11.318,2008,203,1.1201120200826147,0.8449380880653741,0.9608227443974465,14.546209004133592,0.656875
2008-07-22,584,12.337366666666666,1,1440,1.0,True,5.316,2008,204,-1.0170967503709913,0.17639503708503448,1.0049007240892387,16.234522305547888,0.61625
2008-07-23,585,15.7105,2,1440,1.0,True,8.012,2008,205,0.12221876120121014,0.5462534111304431,1.1368911478715018,16.490598188670145,0.63375
2008-07-24,586,18.22416666666667,3,1440,1.0,True,9.657,2008,206,0.8417510501152008,0.7818509609963934,1.034456800702028,13.798693672793302,0.67
2008-07-25,587,14.425566666666668,4,1440,1.0,True,8.391,2008,207,-0.47530729681895145,0.32704064665717153,1.1178874404821544,15.391358404672042,0.6825
2008-07-26,588,13.594733333333332,5,1440,1.0,True,7.191,2008,208,-1.0807428117539164,0.16307080372098742,0.9650467091845348,19.970464751467922,0.599375
2008-07-27,589,19.123266666666662,6,1440,1.0,True,10.306,2008,209,0.362382396795566,0.6340890312984433,1.1362696398887784,19.46794836538183,0.465625
2008-07-28,590,13.7634,0,1440,1.0,True,6.472,2008,210,-0.06933259619708519,0.47370862954372,1.191788962117862,14.273010066625158,0.400625
2008-07-29,591,19.442633333333333,1,1440,1.0,True,7.903,2008,211,0.6515614253369318,0.728916579509384,1.0933345075894614,15.990909976037406,0.40625
2008-07-30,592,21.665133333333333,2,1440,1.0,True,9.599,2008,212,0.7349185495532369,0.7530052895950697,1.0671248409315013,16.277022136875008,0.421875
2008-07-31,593,23.21063333333333,3,1440,1.0,True,11.929,2008,213,1.354649398211148,0.8854984349852901,0.9003567800624296,13.615582534749,0.331875
2008-08-01,594,12.326266666666667,4,1440,1.0,True,6.827,2008,214,-1.1711177148134644,0.14542398925226732,0.925826858098153,15.239119221450546,0.229375
2008-08-02,595,8.4296,5,1440,1.0,True,4.307,2008,215,-1.8543352809223668,0.05866092213672149,0.7453180768876336,19.849482429191532,0.16875
2008-08-03,596,8.413033333333333,6,1440,1.0,True,4.425,2008,216,-1.203113353038349,0.13993940379894534,0.9294270550995134,19.37858515718816,0.12375
2008-08-04,597,18.765333333333334,0,1439,0.9993055555555556,True,9.683,2008,217,1.5500565804560094,0.911467890271207,0.8424884484126233,14.215605077214532,0.0775
2008-08-05,598,13.7853,1,1440,1.0,True,8.262,2008,218,-0.697396354682005,0.25766853513114624,1.084093308300944,15.965778689410884,0.050625
2008-08-06,599,5.4352,2,1440,1.0,True,2.728,2008,219,-1.797893899056339,0.06329064530647106,0.730316636270145,16.284455967844135,0.026875
2008-08-07,600,5.5814,3,1440,1.0,True,2.883,2008,220,-0.7234803656695193,0.25061681887728054,1.0637844078755005,13.65584840476856,0.0125
2008-08-08,601,5.036666666666666,4,1440,1.0,True,2.461,2008,221,-1.3056452422468914,0.12227865265476917,0.8992319739842788,15.312459159303263,0.003125
2008-08-09,602,5.982066666666666,5,1440,1.0,True,2.391,2008,222,-1.818205304117499,0.061777126397728435,0.7310453768842854,19.956113197020315,0.00125
2008-08-10,603,5.8671999999999995,6,1440,1.0,True,2.369,2008,223,-1.5131664379520526,0.09329717755181162,0.8470718550006859,19.51869790234547,0.001875
2008-08-11,604,6.1986,0,1440,1.0,True,2.369,2008,224,-0.5534947782449776,0.30205460835508546,1.1094435132760554,14.38936501036984,0.001875
2008-08-12,605,4.8164,1,1440,1.0,True,2.306,2008,225,-1.4876000917403271,0.09616168130293166,0.8422883390169591,16.173324789324308,0.000625
2008-08-13,606,4.709733333333333,2,1440,1.0,True,2.24,2008,226,-1.3555446491355492,0.11480034813991555,0.8742819000757299,16.525900713186576,0.000625
2008-08-14,607,4.5043,3,1440,1.0,True,2.082,2008,227,-0.9009383741471422,0.2038221955708494,1.0174015407729895,13.9312775333362,0.0
2008-08-15,608,4.5609,4,1440,1.0,True,2.13,2008,228,-1.3555348893598775,0.11460355771695432,0.869823380864691,15.621931454944077,0.0
2008-08-16,609,4.580233333333334,5,1440,1.0,True,2.13,2008,229,-2.078250506774142,0.04348924487094585,0.687180017658975,20.299660304558895,0.0
2008-08-17,610,4.579933333333333,6,1440,1.0,True,2.155,2008,230,-1.6943675503864173,0.07324893889747336,0.7891581457597203,19.89632417075759,0.0
2008-08-18,611,4.562633333333333,0,1440,1.0,True,2.159,2008,231,-0.8086967518342467,0.22757991554368456,1.0429653306258841,14.80104736443033,0.0
2008-08-19,612,4.5782,1,1440,1.0,True,2.139,2008,232,-1.4726532193330275,0.09818543075807862,0.8470055938488804,16.619012629915204,0.0
2008-08-20,613,4.474533333333333,2,1440,1.0,True,2.063,2008,233,-1.4376128028026955,0.1030549564720686,0.8492232128907926,17.00551584642228,0.0
2008-08-21,614,4.354966666666667,3,1440,1.0,True,2.009,2008,234,-0.971593053226664,0.18716404979499088,1.010719394176267,14.444714128628412,0.0
2008-08-22,615,4.452066666666667,4,1440,1.0,True,2.052,2008,235,-1.4284504408631622,0.10411784017762261,0.8604363936418667,16.16905603209508,0.0
2008-08-23,616,4.244033333333333,5,1440,1.0,True,1.904,2008,236,-2.1983810288311303,0.03701633581907943,0.6456523045059294,20.88031174994043,0.0
2008-08-24,617,4.245266666666667,6,1440,1.0,True,1.927,2008,237,-1.8026898867091072,0.06332978042246824,0.7277434017974883,20.510313782598523,0.0
2008-08-25,618,4.171633333333333,0,1440,1.0,True,1.858,2008,238,-0.9309125858647623,0.1969575298439583,1.0280163365835324,15.448158927201629,0.000625
2008-08-26,619,4.2927333333333335,1,1440,1.0,True,1.953,2008,239,-1.5758361866324848,0.08558630462745308,0.8260593901923857,17.299002517768866,0.001875
2008-08-27,620,4.3019,2,1440,1.0,True,1.938,2008,240,-1.5312803189922946,0.09101916996037587,0.8380212710099295,17.718113155606027,0.0025
2008-08-28,621,4.470766666666666,3,1440,1.0,True,2.063,2008,241,-1.0247222448238698,0.17538293123230805,0.9575071036466397,15.189620838767773,0.004375
2008-08-29,622,4.4598,4,1440,1.0,True,2.029,2008,242,-1.5238579520308884,0.09172412335632449,0.8252893897332251,16.94594719619692,0.006875
2008-08-30,623,4.507066666666666,5,1440,1.0,True,2.054,2008,243,-2.2442927287586407,0.0348241566664146,0.642016126330709,21.688835712940328,0.011875
2008-08-31,624,25.010233333333336,6,1439,0.9993055555555556,True,17.906,2008,244,1.8059166661672696,0.9370358474227646,0.7286760724079795,21.350092428246896,0.05125
2008-09-01,625,20.791833333333333,0,1440,1.0,True,11.654,2008,245,0.5560247039404349,0.6992506656097639,1.1405784861347639,16.318787953039223,0.104375
2008-09-02,626,23.069233333333333,1,1440,1.0,True,12.127,2008,246,0.5722857737331131,0.7044597448945481,1.0995727340411394,18.200051737924657,0.193125
2008-09-03,627,23.141433333333335,2,1440,1.0,True,13.441,2008,247,0.48017227408049573,0.6745190077756683,1.1160355065413752,18.64912683110563,0.300625
2008-09-04,628,20.420333333333335,3,1440,1.0,True,12.037,2008,248,0.46118576569438924,0.6682105262430283,1.126747484439984,16.150118035014703,0.440625
2008-09-05,629,14.566,4,1440,1.0,True,7.753,2008,249,-0.8947680322057125,0.20484181607155663,1.0083662983030082,17.935422167259944,0.54
2008-09-06,630,31.1429,5,1440,1.0,True,22.848,2008,250,1.7366724792743913,0.9312437738097051,0.7706128666363656,22.7067583122448,0.69625
2008-09-07,631,22.877599999999997,6,1440,1.0,True,11.295,2008,251,-0.4819601011986443,0.3250480720257958,1.1278375242184848,22.395908545236175,0.83875
2008-09-08,632,21.822066666666668,0,1440,1.0,True,12.599,2008,252,0.7618735373174981,0.7605134306813593,1.056044414760545,17.391919975353535,0.836875
2008-09-09,633,19.327566666666662,1,1440,1.0,True,8.417,2008,253,-0.2923787615025585,0.3908301831068324,1.1804431626969016,19.299899038596823,0.865625
2008-09-10,634,21.6794,2,1440,1.0,True,11.689,2008,254,0.3413647294606239,0.6267416365169067,1.145546434787102,19.775066280262937,0.8375
2008-09-11,635,17.145233333333334,3,1440,1.0,True,9.066,2008,255,-0.1583515848109242,0.4401797812790529,1.1364900605240837,17.301504535537553,0.845625
2008-09-12,636,23.2127,4,1440,1.0,True,11.007,2008,256,0.7416503226865419,0.7549767824791428,1.0546900205663405,19.111589213819215,0.858125
2008-09-13,637,27.1906,5,1440,1.0,True,18.17,2008,257,0.3122661819923984,0.616286255769487,1.139524217895232,23.907018573120677,0.8875
2008-09-14,638,26.2721,6,1440,1.0,True,11.656,2008,258,0.25316374962883076,0.5949007619355612,1.1027054705796764,23.619554466289816,0.825
2008-09-15,639,28.295133333333336,0,1440,1.0,True,11.646,2008,259,1.55354065936696,0.9120742589164914,0.8261488986341283,18.638224405493606,0.825
2008-09-16,640,20.36436666666667,1,1440,1.0,True,8.617,2008,260,-0.6841163642528316,0.26176718743007243,1.089850692304317,20.568115876070003,0.8175
2008-09-17,641,25.32016666666667,2,1440,1.0,True,15.008,2008,261,0.7787505147500976,0.765154914062065,1.0741377503564582,21.064431139060623,0.794375
2008-09-18,642,25.088166666666663,3,1440,1.0,True,12.55,2008,262,0.8733241648115546,0.7898662761738171,1.04708813207224,18.611235431195322,0.834375
2008-09-19,643,25.3141,4,1440,1.0,True,14.287,2008,263,0.4354613348417546,0.6594699886463722,1.1445156463724562,20.440887267862806,0.82875
2008-09-20,644,21.743333333333332,5,1440,1.0,True,12.847,2008,264,-0.9572748107023668,0.19008213460920648,0.9908406782289967,25.25506873538689,0.813125
2008-09-21,645,25.551166666666667,6,1440,1.0,True,14.738,2008,265,0.335259675238656,0.6245093322609647,1.1602736597834156,24.985526254334303,0.844375
2008-09-22,646,22.642733333333336,0,1440,1.0,True,13.689,2008,266,0.432736323798237,0.6585553755403211,1.1379583811271003,20.021272660277496,0.835
2008-09-23,647,20.546466666666667,1,1440,1.0,True,10.088,2008,267,-0.4300055670327343,0.3423834119014248,1.1412445113155991,21.967381533094436,0.795625
2008-09-24,648,28.639166666666664,2,1440,1.0,True,17.297,2008,268,1.2021330554765917,0.8603648558972976,0.9361682147509418,22.47904201410624,0.8025
2008-09-25,649,18.853666666666665,3,1440,1.0,True,10.248,2008,269,-0.6278120955049284,0.27839705383925617,1.118287386461161,20.040307019803063,0.813125
2008-09-26,650,23.8575,4,1440,1.0,True,12.481,2008,270,0.43018083700624354,0.6577380326778207,1.1589552054647356,21.88352355767792,0.763125
2008-09-27,651,35.457433333333334,5,1440,1.0,True,19.619,2008,271,1.4350399016704438,0.8969663946149204,0.8833262466569431,26.71036303047411,0.759375
2008-09-28,652,28.851733333333335,6,1440,1.0,True,13.547,2008,272,-0.1580289343008596,0.44039464394681505,1.137198766907677,26.452562010556605,0.82125
2008-09-29,653,25.02896666666667,0,1440,1.0,True,12.054,2008,273,0.47293034060111033,0.6721207878915065,1.1264929234376178,21.499124330819328,0.815
2008-09-30,654,22.916766666666668,1,1440,1.0,True,8.773,2008,274,-0.3323828234534223,0.3764758751698048,1.115745234368369,23.455115423199892,0.800625
2008-10-01,655,31.20606666666667,2,1440,1.0,True,18.857,2008,275,1.335123984558553,0.8825426465602456,0.9045538686541841,23.97571714408949,0.83375
2008-10-02,656,22.42236666666667,3,1440,1.0,True,9.427,2008,276,-0.3292654140187349,0.3776064810544518,1.1396732374094427,21.544975995380835,0.83375
2008-10-03,657,26.87633333333333,4,1440,1.0,True,14.582,2008,277,0.5622303904430411,0.7013072344405815,1.1025108802411705,23.39523344666511,0.8925
2008-10-04,658,35.00826666666667,5,1440,1.0,True,16.664,2008,278,0.9816889501951949,0.8155512323606453,1.0261965604079888,28.228156244877262,0.89625
2008-10-05,659,25.8325,6,1440,1.0,True,10.318,2008,279,-0.8399641322844162,0.21890511239699112,1.0159713276033289,27.975477193091525,0.848125
2008-10-06,660,23.7297,0,1440,1.0,True,10.838,2008,280,0.27130487362051087,0.6015412395842334,1.1899365132139064,23.02619724487589,0.843125
2008-10-07,661,28.776133333333338,1,1440,1.0,True,10.911,2008,281,0.6335552403429677,0.723416628737029,1.1240593227255158,24.985379845275812,0.821875
2008-10-08,662,31.0096,2,1440,1.0,True,17.82,2008,282,0.7351226381478742,0.7530589145294414,1.0752757317433135,25.508205757706243,0.825
2008-10-09,663,33.061366666666665,3,1440,1.0,True,15.748,2008,283,1.4192102345731752,0.8948395874590663,0.8698138646944426,23.078721285496183,0.838125
2008-10-10,664,25.305633333333333,4,1440,1.0,True,12.435,2008,284,-0.6047821607487053,0.2855766383458968,1.1073376836767421,24.929268593603215,0.844375
2008-10-11,665,27.8231,5,1440,1.0,True,15.852,2008,285,-0.372598552335601,0.36231754037140673,1.1655585624696687,29.76151601678324,0.8525
2008-10-12,666,31.799,6,1440,1.0,True,15.554,2008,286,0.540137635858091,0.6940845793370624,1.1412986370315776,29.507198835932304,0.846875
2008-10-13,667,24.366266666666665,0,1440,1.0,True,11.055,2008,287,-0.18588174064856497,0.42991136601086766,1.1611788748996332,24.555321369010247,0.875625
2008-10-14,668,26.8176,1,1440,1.0,True,11.558,2008,288,0.06916537007887354,0.5262319105901989,1.1590713411942124,26.51095130761132,0.874375
2008-10-15,669,35.94826666666667,2,1440,1.0,True,19.024,2008,289,1.5817460289746892,0.9153672920462842,0.8102399963093921,27.029274538479417,0.8875
2008-10-16,670,26.39466666666667,3,1440,1.0,True,9.818,2008,290,-0.2765051252766532,0.3966255179482479,1.1757355492003263,24.594343358711466,0.8525
2008-10-17,671,31.114766666666664,4,1440,1.0,True,14.862,2008,291,0.7151411915190526,0.7474431975584258,1.0635203206306323,26.438506790168535,0.81375
2008-10-18,672,37.319833333333335,5,1440,1.0,True,14.6,2008,292,0.7723541039641465,0.7632132348124293,1.0704634604230523,31.263440879404744,0.865625
2008-10-19,673,32.865566666666666,6,1440,1.0,True,13.308,2008,293,-0.07246167586445863,0.47256381780573387,1.1463063420867547,31.000889464824187,0.829375
2008-10-20,674,27.79256666666667,0,1440,1.0,True,13.967,2008,294,0.1910908933425565,0.5720264486827634,1.1808827943354845,26.039866257493244,0.614375
2008-10-21,675,34.395266666666664,1,1440,1.0,True,14.851,2008,295,1.0331899907971653,0.8270286163752645,0.9969041141308844,27.98544916669076,0.423125
2008-10-22,676,27.4335,2,1440,1.0,True,11.691,2008,296,-0.6161057499146545,0.28202624610859606,1.1013245875178836,28.49283510949303,0.36
2008-10-23,677,30.508233333333333,3,1440,1.0,True,12.837,2008,297,0.870214020990059,0.7890917096538215,1.0307717381161638,26.046088213166776,0.2475
2008-10-24,678,35.55376666666667,4,1440,1.0,True,20.454,2008,298,1.0745647068949569,0.8357149915446,0.9798957190057263,27.877570115895868,0.1675
2008-10-25,679,25.385933333333337,5,1397,0.9701388888888888,True,14.564,2008,299,-1.8234436038282853,0.06120627360344056,0.7546551384916529,32.6889702521653,0.113125
2008-10-26,680,8.724866666666665,6,1440,1.0,True,2.373,2008,300,-3.756465405966536,0.005314450083399572,0.34548875187640077,32.41204660453936,0.033125
2008-10-27,681,8.731533333333335,0,1440,1.0,True,2.369,2008,301,-1.7617662129165002,0.06715261962731847,0.7716653182555455,27.43582776827314,0.010625
2008-10-28,682,22.1215,1,1440,1.0,True,7.715,2008,302,-0.04190254409568442,0.4841700339491625,1.1411566857667639,29.36540725985549,0.005625
2008-10-29,683,26.876266666666663,2,1440,1.0,True,5.397,2008,303,-0.04428527268316412,0.48320309344462936,1.1736957395100034,29.855998308813007,0.0025
2008-10-30,684,18.31,3,1440,1.0,True,2.964,2008,304,-1.4286245373306123,0.1038273535632416,0.8788437387114391,27.391682041553413,0.005
2008-10-31,685,21.430533333333337,4,1440,1.0,True,10.795,2008,305,-0.7863708321929616,0.2329352134809163,1.067565706113819,29.204837762805106,0.004375
2008-11-01,686,13.841633333333334,5,1440,1.0,True,2.283,2008,306,-3.0907788206612126,0.011647259401310886,0.43720858809072527,33.9971732209997,0.0025
2008-11-02,687,15.1769,6,1440,1.0,True,3.17,2008,307,-1.9685647746978996,0.050714998179607944,0.6849107637017733,33.700465339355716,0.0025
2008-11-03,688,14.126666666666669,0,1440,1.0,True,3.202,2008,308,-1.3681746831455117,0.11314046895465152,0.8446899624238722,28.703762259120733,0.019375
2008-11-04,689,26.0386,1,1440,1.0,True,10.32,2008,309,0.160048789524156,0.5602973782993432,1.1893625567061827,30.61217762610701,0.051875
2008-11-05,690,52.24883333333333,2,1440,1.0,True,26.368,2008,310,4.1053409019714655,0.996378758032704,0.29945268953451887,31.080945359867886,0.11
2008-11-06,691,26.47396666666667,3,1440,1.0,True,8.197,2008,311,-1.8004346085621643,0.06355601258737877,0.7571216413239017,28.594167814319164,0.15625
2008-11-07,692,26.9864,4,1440,1.0,True,11.842,2008,312,-0.46873205660066836,0.32922795096477053,1.1178154334938153,30.384246035397062,0.154375
2008-11-08,693,28.88563333333333,5,1440,1.0,True,10.454,2008,313,-0.8946873112333104,0.20502687476729992,1.0260028085159139,35.15291000211756,0.175625
2008-11-09,694,42.975633333333334,6,1440,1.0,True,21.31,2008,314,1.8801916733532966,0.9432951558211309,0.726134885775391,34.83195933282785,0.485625
2008-11-10,695,34.86466666666667,0,1434,0.9958333333333332,True,11.663,2008,315,0.3621207853661007,0.6339354809299228,1.1258948115818201,29.810465303143133,0.7
2008-11-11,696,40.9325,1,1440,1.0,True,19.414,2008,316,1.3192463093379956,0.8799048262173705,0.8939534118352458,31.69356510671796,0.76875
2008-11-12,697,36.44156666666667,2,1438,0.9986111111111112,True,13.208,2008,317,0.15607768457114604,0.5588540438454536,1.1938374234363436,32.136516598244945,0.78375
2008-11-13,698,20.641,3,1440,1.0,True,6.653,2008,318,-1.8993354185340596,0.05511272920188068,0.7296600293880329,29.623446427506156,0.5625
2008-11-14,699,27.02896666666667,4,1440,1.0,True,12.346,2008,319,-0.1804524737998685,0.4319645808225034,1.1801587659632786,31.38678027010287,0.568125
2008-11-15,700,50.52713333333334,5,1440,1.0,True,23.386,2008,320,2.8742942811790164,0.9847537285558162,0.48881995453732086,36.12827304125935,0.57125
2008-11-16,701,39.42386666666666,6,1440,1.0,True,15.565,2008,321,-0.31263687966739645,0.3839313054512188,1.1510740149579943,35.779749574523414,0.555625
2008-11-17,702,25.393933333333333,0,1440,1.0,True,10.968,2008,322,-1.198615286918437,0.14025987087076253,0.9624358553416096,30.730306611888377,0.658125
2008-11-18,703,29.15083333333333,1,1440,1.0,True,12.652,2008,323,-0.2555081685844753,0.4042459795262881,1.1987993149692193,32.585107036521514,0.79625
2008-11-19,704,30.670633333333335,2,1440,1.0,True,13.467,2008,324,-0.18296824577776755,0.4310087489996209,1.1653160125622526,32.99943458751597,0.811875
2008-11-20,705,28.2056,3,1440,1.0,True,9.113,2008,325,-0.24783332232221889,0.4070027369809751,1.1587547556264326,30.457441965533313,0.711875
2008-11-21,706,27.898833333333336,4,1440,1.0,True,11.783,2008,326,-0.620286569887364,0.2806155966811966,1.0874938346771523,32.191581034992154,0.8375
2008-11-22,707,28.5228,5,1440,1.0,True,10.295,2008,327,-1.2135102609524182,0.13778814554507107,0.9197926779976114,36.903633009228834,0.855625
2008-11-23,708,56.7554,6,1439,0.9993055555555556,True,22.726,2008,328,4.188521850929771,0.9966791021504569,0.2890287577203708,36.52544910049218,0.786875
2008-11-24,709,53.54996666666667,0,1440,1.0,True,14.951,2008,329,2.6076290009319365,0.9783584505763145,0.5385367758991196,31.446152481322123,0.7825
2008-11-25,710,45.0475,1,1440,1.0,True,13.826,2008,330,0.6304253540962428,0.7210546427773485,1.1093701926385984,33.27093248853863,0.786875
2008-11-26,711,25.2659,2,1440,1.0,True,11.215,2008,331,-2.2897213245617483,0.03269367881514666,0.610225787460804,33.65509930928524,0.776875
2008-11-27,712,39.3703,3,1440,1.0,True,15.261,2008,332,2.0478913161992276,0.9548312523569344,0.6821925946249394,31.082832058035375,0.763125
2008-11-28,713,31.43273333333333,4,1440,1.0,True,12.769,2008,333,-0.8005040167686268,0.22914015551848227,1.0688076433725655,32.78660895023588,0.76
2008-11-29,714,40.5778,5,1440,1.0,True,20.046,2008,334,0.6490228378712503,0.7278064728488577,1.0799618341843598,37.46823745906335,0.808125
2008-11-30,715,40.023133333333334,6,1440,1.0,True,16.116,2008,335,0.32255320613684235,0.6198581360904578,1.1777289085881784,37.05959493717788,0.879375
2008-12-01,716,26.9423,0,1440,1.0,True,10.407,2008,336,-1.094121294062389,0.16020348033977588,0.9746630254550837,31.949830550056706,0.788125
2008-12-02,717,29.890733333333333,1,1440,1.0,True,11.647,2008,337,-0.35282131486316687,0.3692532130004283,1.1096147370082325,33.744159452172944,0.58
2008-12-03,718,29.25273333333333,2,1440,1.0,True,11.103,2008,338,-0.6060611855075022,0.28513651685731384,1.0842499289847911,34.0979174454907,0.455625
2008-12-04,719,28.9773,3,1440,1.0,True,12.68,2008,339,-0.12688868828672312,0.45197603394618563,1.152874978883192,31.49530902921366,0.55375
2008-12-05,720,34.3103,4,1440,1.0,True,10.993,2008,340,0.3715366527029495,0.6373133781972122,1.1537768136663362,33.16883754650369,0.396875
2008-12-06,721,42.06393333333333,5,1440,1.0,True,18.802,2008,341,0.6848212644373304,0.7383836207215009,1.0915058944467455,37.82033531466492,0.3825
2008-12-07,722,41.11233333333333,6,1440,1.0,True,17.231,2008,342,0.3838857724385987,0.6414803892044137,1.131010818197392,37.38170422071167,0.285
2008-12-08,723,31.143933333333333,0,1440,1.0,True,14.669,2008,343,-0.4449064595400706,0.33728585776302283,1.1382729315245523,32.24211762893818,0.22375
2008-12-09,724,33.385733333333334,1,1440,1.0,True,17.424,2008,344,-0.0357490248861335,0.4864148587971615,1.142529055122286,34.00681453177707,0.236875
2008-12-10,725,35.18366666666667,2,1370,0.9513888888888888,True,16.161,2008,345,0.1983525328311619,0.5746413093284528,1.203006866495125,34.33115418345305,0.236875
2008-12-11,726,23.875366666666665,3,1440,1.0,True,9.412,2008,346,-1.4603420182482274,0.0995204313346229,0.8556422346807085,31.699364125390634,0.2775
2008-12-12,727,30.258899999999997,4,1440,1.0,True,13.566,2008,347,-0.030295635801667175,0.48848040580886887,1.164446693903301,33.34397030913052,0.2775
2008-12-13,728,30.426233333333336,5,1440,1.0,True,11.718,2008,348,-1.1441874272422152,0.15056499656409503,0.9736900535598397,37.966827203262184,0.255
2008-12-14,729,33.36866666666666,6,1440,1.0,True,11.654,2008,349,-0.23504694025856082,0.41186833606806217,1.1636579557147342,37.49985836633842,0.21375
2008-12-15,730,29.924166666666668,0,1440,1.0,True,11.098,2008,350,-0.1524757240610661,0.4423707531929776,1.1470213788282126,32.33225833239166,0.22875
2008-12-16,731,29.9515,1,1440,1.0,True,11.587,2008,351,-0.5748197133204695,0.2948142899746303,1.0861485008359886,34.06928674038436,0.25
2008-12-17,732,34.97976666666667,2,1440,1.0,True,15.348,2008,352,0.38992451400246864,0.643624793766183,1.149628188838251,34.36632294710974,0.221875
2008-12-18,733,28.949,3,1440,1.0,True,12.676,2008,353,-0.5364319440925787,0.30697634036283217,1.12583099108655,31.707614032538917,0.13375
2008-12-19,734,31.368533333333335,4,1440,1.0,True,13.607,2008,354,-0.16802989650456676,0.43654076049789964,1.1615578552894295,33.325704903372795,0.10625
2008-12-20,735,37.375033333333334,5,1439,0.9993055555555556,True,20.43,2008,355,0.03359230385128291,0.5127029539570099,1.180444839396514,37.92246838135489,0.06875
2008-12-21,736,44.06016666666667,6,1440,1.0,True,25.104,2008,356,1.2247965048757252,0.8641152496912037,0.9278822158835829,37.429845758297915,0.151875
2008-12-22,737,33.5968,0,1440,1.0,True,12.981,2008,357,-0.19907770947345035,0.425018557678243,1.197367723826319,32.23704866450026,0.123125
2008-12-23,738,29.968133333333338,1,1440,1.0,True,13.107,2008,358,-0.8032206398000108,0.22832489546867993,1.0715279059903695,33.9493531818721,0.051875
2008-12-24,739,21.160633333333333,2,1440,1.0,True,10.345,2008,359,-2.0707066787102035,0.043793078801592195,0.656732623843709,34.22215444132645,0.034375
2008-12-25,740,17.685299999999998,3,1440,1.0,True,3.883,2008,360,-1.608255827549229,0.08195720696291357,0.794955356598366,31.53971461343942,0.02875
2008-12-26,741,20.395533333333333,4,1440,1.0,True,9.196,2008,361,-1.3565916622489498,0.114587673962964,0.9143953714263625,33.13459299815891,0.025
2008-12-27,742,49.53606666666667,5,1440,1.0,True,12.453,2008,362,2.9749799101728844,0.9865216703391185,0.4694300585903693,37.7086761001238,0.0375
2008-12-28,743,26.177366666666668,6,1440,1.0,True,7.461,2008,363,-2.768763058441776,0.017479674145294177,0.5030800763028673,37.19391817157376,0.031875
2008-12-29,744,9.254633333333334,0,1440,1.0,True,2.698,2008,364,-3.3328088724572167,0.008683083594281202,0.4005506525200326,31.979543069528237,0.015625
2008-12-30,745,19.920633333333335,1,1440,1.0,True,7.39,2008,365,-0.9389185544047648,0.19554914535144255,1.0416148909227922,33.670838358575544,0.010625
2008-12-31,746,32.736466666666665,2,1440,1.0,True,15.081,2008,366,0.7131044951783555,0.7460988648992917,1.0946076321881264,33.92320989882653,0.011875
2009-01-01,747,23.444866666666663,3,1440,1.0,True,7.413,2009,1,-1.3153503685594068,0.12053457813275038,0.900630178838037,31.22092982806047,0.028125
2009-01-02,748,38.79183333333334,4,1440,1.0,True,20.276,2009,2,1.5938121330805453,0.9165471606300806,0.8216564230504446,32.79656664383974,0.040625
2009-01-03,749,31.8916,5,1440,1.0,True,17.207,2009,3,-1.3807962054965186,0.11078116581108619,0.8934036323800683,37.352015272172004,0.063125
2009-01-04,750,32.33323333333333,6,1440,1.0,True,9.953,2009,4,-0.4385734933327459,0.3396506108877512,1.117526517654769,36.819237604702614,0.0375
2009-01-05,751,26.733333333333334,0,1440,1.0,True,10.219,2009,5,-0.5675271791076621,0.29709370202343544,1.118066519247368,31.587464351116576,0.053125
2009-01-06,752,28.16436666666667,1,1440,1.0,True,12.716,2009,6,-0.5867602856542338,0.29111964787886196,1.0863396607572213,33.261989138105626,0.11
2009-01-07,753,34.6712,2,1440,1.0,True,16.486,2009,7,0.5555795409489286,0.6988274394680554,1.0940896029863507,33.498223094452165,0.21875
2009-01-08,754,27.221166666666665,3,1440,1.0,True,13.147,2009,8,-0.7178560685383093,0.25177985774767203,1.0950728253496345,30.78044283125745,0.2025
2009-01-09,755,29.8117,4,1440,1.0,True,11.359,2009,9,-0.21727917788582168,0.4182581799240272,1.1758510060352274,32.34122052309693,0.23
2009-01-10,756,35.04913333333333,5,1440,1.0,True,19.655,2009,10,-0.15887144675932638,0.44002702700815227,1.1824453158210964,36.882453976680246,0.2925
2009-01-11,757,32.93313333333334,6,1440,1.0,True,15.709,2009,11,-0.48783087990197543,0.32305161022117984,1.1330842785257846,36.33610716899028,0.505625
2009-01-12,758,26.48796666666667,0,1440,1.0,True,12.408,2009,12,-0.5953290539658395,0.28836236787374403,1.0946978470450268,31.09141210159326,0.70375
2009-01-13,759,36.376666666666665,1,1440,1.0,True,17.663,2009,13,0.9595727326474645,0.8104233597395983,0.9897121288813651,32.75366290245335,0.72875
2009-01-14,760,29.6047,2,1439,0.9993055555555556,True,12.91,2009,14,-0.8444792450229169,0.21769177209266186,1.0609127635555342,32.97827041481321,0.746875
2009-01-15,761,26.0678,3,1440,1.0,True,12.682,2009,15,-0.5245270020737258,0.31087935638990527,1.1233977745467565,30.24951018215695,0.71875
2009-01-16,762,46.109233333333336,4,1440,1.0,True,24.189,2009,16,2.842876951316792,0.9841523478790273,0.48437232153723014,31.79995253502951,0.6675
2009-01-17,763,55.297,5,1440,1.0,True,20.953,2009,17,2.4398581135111796,0.9731420805032498,0.5800785913760774,36.33149266628318,0.694375
2009-01-18,764,52.5699,6,1440,1.0,True,25.077,2009,18,1.7373453833660788,0.9307600403687178,0.76308243784355,35.77609117672308,0.713125
2009-01-19,765,28.3311,0,1440,1.0,True,11.773,2009,19,-1.517888639793213,0.09260989870771326,0.8311893938528374,30.52297593781842,0.824375
2009-01-20,766,28.967133333333333,1,1440,1.0,True,14.009,2009,20,-0.4271647144810294,0.34339452983426993,1.1476489865034818,32.177436202818896,0.84
2009-01-21,767,28.990566666666663,2,1440,1.0,True,13.137,2009,21,-0.39165946210488345,0.3557678938128066,1.165440703588538,32.394877205816144,0.76125
2009-01-22,768,20.6226,3,1440,1.0,True,8.587,2009,22,-1.3928450904924596,0.10889812087623715,0.8835579592734575,29.65956815774713,0.865
2009-01-23,769,31.842266666666667,4,1440,1.0,True,14.519,2009,23,0.7178915410590868,0.747908795945014,1.0816477240272797,31.20407234511791,0.87375
2009-01-24,770,36.6795,5,1440,1.0,True,17.91,2009,24,0.12733366911006083,0.5480975375726873,1.1726627743302378,35.730277217982994,0.818125
2009-01-25,771,47.394400000000005,6,1440,1.0,True,21.144,2009,25,2.1267250107191824,0.9593902523929164,0.6543487985257525,35.17013494914725,0.813125
2009-01-26,772,27.907866666666667,0,1440,1.0,True,11.29,2009,26,-1.1778842236150298,0.14433310694915086,0.9579300113231874,29.912864311239407,0.666875
2009-01-27,773,23.7505,1,1440,1.0,True,7.782,2009,27,-1.264823359264903,0.1288423633581382,0.9144970239279792,31.56374480297144,0.661875
2009-01-28,774,45.36223333333333,2,1440,1.0,True,23.535,2009,28,2.96238397398849,0.9863266720652493,0.475156980654574,31.778171264111048,0.69625
2009-01-29,775,26.2283,3,1440,1.0,True,9.29,2009,29,-1.4165699068938236,0.10576203375252487,0.8519117595464922,29.040401888143315,0.7825
2009-01-30,776,34.3173,4,1440,1.0,True,14.049,2009,30,0.8553346851133476,0.7852058099169246,1.0356967665534467,30.582988338373806,0.831875
2009-01-31,777,55.2142,5,1440,1.0,True,30.162,2009,31,3.353716218200692,0.9915405178382332,0.39575569579959846,35.107805853993504,0.86
2009-02-01,778,30.124333333333333,6,1402,0.9736111111111112,True,11.446,2009,32,-2.1423606070845778,0.040036505274247985,0.6523363812267781,34.54679382804339,0.9275
2009-02-02,779,26.721666666666668,0,1440,1.0,True,12.306,2009,33,-0.16203654779007592,0.4388312628691945,1.16405019054655,29.289157703910494,0.8925
2009-02-03,780,31.139833333333335,1,1440,1.0,True,16.565,2009,34,0.20930746681749934,0.5787287162361114,1.1608414867287502,30.94016312163848,0.904375
2009-02-04,781,41.0154,2,1440,1.0,True,23.792,2009,35,1.7573855060842658,0.9330462000467736,0.7570883024460636,31.155190553561162,0.93875
2009-02-05,782,27.4848,3,1440,1.0,True,14.355,2009,36,-0.8300170330484095,0.22136822545778498,1.0545025775162502,28.41848333820732,0.936875
2009-02-06,783,34.13993333333334,4,1440,1.0,True,13.154,2009,37,0.808793269869798,0.7731547295653064,1.0507063273037784,29.962577818197126,0.956875
2009-02-07,784,52.19226666666667,5,1440,1.0,True,29.178,2009,38,2.893208502854667,0.9851143183263652,0.4803052581718657,34.48933346863496,0.941875
2009-02-08,785,36.3811,6,1440,1.0,True,20.774,2009,39,-0.7490689356447254,0.24381632722654786,1.0928158326493576,33.9306734978996,0.889375
2009-02-09,786,28.443966666666665,0,1440,1.0,True,10.666,2009,40,-0.20432247831028547,0.42307010213837615,1.1579130136873572,28.6757867674343,0.889375
2009-02-10,787,32.39703333333333,1,1440,1.0,True,13.73,2009,41,0.3874482813445628,0.6428724844343062,1.1515251477621495,30.329921961801308,0.87625
2009-02-11,788,43.98983333333333,2,1440,1.0,True,25.657,2009,42,2.2741402848172365,0.9666541126519725,0.6116939631954301,30.54844224846684,0.750625
2009-02-12,789,32.811,3,1440,1.0,True,19.132,2009,43,-0.007331624425286251,0.49720084557648264,1.1648084346437826,27.81557333624575,0.499375
2009-02-13,790,28.167033333333332,4,1440,1.0,True,12.908,2009,44,-0.5522055972749965,0.30192861514372754,1.1046813294989988,29.36383363809073,0.355
2009-02-14,791,38.87656666666667,5,1438,0.9986111111111112,True,24.045,2009,45,0.973382691308049,0.8135291693989929,1.0128257055953145,33.89506442469927,0.348125
2009-02-15,792,26.433866666666667,6,1440,1.0,True,7.925,2009,46,-1.573069886061486,0.08575070347132298,0.8163456333521754,33.34117045080904,0.126875
2009-02-16,793,21.98323333333333,0,1440,1.0,True,7.298,2009,47,-0.629878210009513,0.2779318361073071,1.0818272383208387,28.0913219007607,0.145
2009-02-17,794,13.0283,1,1416,0.9833333333333332,True,4.191,2009,48,-2.5864379150539403,0.022070173340646065,0.5415156525943894,29.75074858454364,0.27625
2009-02-18,795,13.774166666666668,2,1440,1.0,True,5.768,2009,49,-1.7789025617348506,0.06545034760642487,0.7554278689186321,29.97479462377906,0.27375
2009-02-19,796,12.2878,3,1440,1.0,True,3.104,2009,50,-1.5959763009962442,0.08355947415142126,0.804154009486083,27.2476665365202,0.11125
2009-02-20,797,31.3456,4,1440,1.0,True,11.958,2009,51,1.4570169708545881,0.8995431018348558,0.868914891181048,28.801863426533533,0.076875
2009-02-21,798,21.9364,5,1440,1.0,True,6.356,2009,52,-2.21442209859071,0.036098303983863954,0.6438275106297806,33.33920716349572,0.096875
2009-02-22,799,37.307966666666665,6,1440,1.0,True,19.525,2009,53,1.5738786148899273,0.9141149226655173,0.8244248274457641,32.79158303594921,0.063125
2009-02-23,800,45.56093333333333,0,1440,1.0,True,17.427,2009,54,2.9277836094599663,0.9857558203431109,0.47391464479558637,27.548141723554227,0.1175
2009-02-24,801,29.719066666666667,1,1440,1.0,True,16.114,2009,55,-1.1161983687475567,0.15659738039864812,0.9570808486407623,29.21409351983341,0.135625
2009-02-25,802,19.497400000000003,2,1440,1.0,True,8.725,2009,56,-1.8134447295434923,0.06201950522612866,0.7441224656021223,29.444763044813804,0.250625
2009-02-26,803,19.280866666666668,3,1440,1.0,True,7.109,2009,57,-0.6679475027714641,0.26663159479744103,1.1101362009067088,26.724337356431576,0.420625
2009-02-27,804,33.8153,4,1440,1.0,True,16.231,2009,58,1.4882599725415884,0.9039701170342042,0.8778125062258915,28.285296166316126,0.5475
2009-02-28,805,27.179166666666667,5,1440,1.0,True,14.509,2009,59,-1.3834246482641626,0.11041872365203696,0.8717625894281081,32.82944204636273,0.5475
2009-03-01,806,41.127100000000006,6,1439,0.9993055555555556,True,22.752,2009,60,1.9628983335491461,0.9493267331912066,0.7016613273951225,32.288641107903175,0.61625
2009-03-02,807,24.624033333333333,0,1440,1.0,True,8.554,2009,61,-1.0261588730839548,0.17465872177340347,1.0127555365255103,27.05202499998116,0.64375
2009-03-03,808,30.81586666666667,1,1440,1.0,True,14.451,2009,62,0.5394227393641172,0.6938798752750757,1.100965063665062,28.724785157894395,0.47875
2009-03-04,809,30.702166666666667,2,1440,1.0,True,13.177,2009,63,0.1753312361718953,0.5661015834753317,1.160969023173675,28.962227541378684,0.4925
2009-03-05,810,24.030199999999997,3,1440,1.0,True,9.365,2009,64,-0.5151423076579205,0.31390322914761204,1.1133078894298523,26.248520771266374,0.684375
2009-03-06,811,29.724566666666664,4,1440,1.0,True,13.465,2009,65,0.4887088531843491,0.6773923723573652,1.1084642014466226,27.81612637020749,0.79375
2009-03-07,812,28.27443333333333,5,1440,1.0,True,13.979,2009,66,-0.8610883265054823,0.21343562040705635,1.0098242960264907,32.36682899382954,0.73375
2009-03-08,813,39.286100000000005,6,1440,1.0,True,25.204,2009,67,1.610296710605149,0.9184304822000482,0.798445644127205,31.832477134118292,0.805625
2009-03-09,814,28.0926,0,1440,1.0,True,12.706,2009,68,-0.23072004217499184,0.41337482913622686,1.1764715600642375,26.602185141492637,0.764375
2009-03-10,815,30.6035,1,1440,1.0,True,11.891,2009,69,0.3181797368882677,0.6184317075783905,1.1367166177509354,28.28112749670898,0.749375
2009-03-11,816,40.0984,2,1440,1.0,True,21.501,2009,70,1.922748443770657,0.9465271432678923,0.7072889794362709,28.52459357194661,0.765625
2009-03-12,817,31.454333333333334,3,1440,1.0,True,14.019,2009,71,0.2335747946670299,0.5876246025335246,1.14580360035412,25.816735789866385,0.715
2009-03-13,818,24.092,4,1440,1.0,True,11.859,2009,72,-0.9714155146405073,0.18663380461638085,1.0048065555631183,27.389999886214234,0.68875
2009-03-14,819,35.81713333333333,5,1440,1.0,True,20.512,2009,73,0.9157879366011167,0.8000238953124331,1.0356617789762095,31.946155162317137,0.6525
2009-03-15,820,32.3677,6,1440,1.0,True,16.983,2009,74,-0.0894486154553179,0.46613274311882513,1.1944633688870818,31.417035209224206,0.6925
2009-03-16,821,22.245533333333334,0,1439,0.9993055555555556,True,9.579,2009,75,-0.7689215696988841,0.23759204518101296,1.0689057664060966,26.191739949940974,0.6
2009-03-17,822,32.1985,1,1440,1.0,True,17.382,2009,76,1.0416389456420518,0.8287796246783834,0.9879750904068351,27.875429930873434,0.5475
2009-03-18,823,24.178,2,1440,1.0,True,13.599,2009,77,-0.993251819051191,0.181885179053058,1.0007795201824046,28.12338110179861,0.525625
2009-03-19,824,19.858866666666664,3,1440,1.0,True,9.772,2009,78,-0.7326789997538415,0.24766580131134674,1.064855447136797,25.419732993145384,0.455
2009-03-20,825,24.398433333333333,4,1440,1.0,True,12.009,2009,79,-0.09470779213407278,0.4641113243513253,1.17778486906318,26.99691899612172,0.348125
2009-03-21,826,32.16703333333333,5,1440,1.0,True,16.368,2009,80,0.28449369066850005,0.6062067766945003,1.1734344785730355,31.55669663202033,0.38625
2009-03-22,827,28.152833333333337,6,1440,1.0,True,14.81,2009,81,-0.5569322495636073,0.30057289397938386,1.1011854461045005,31.030888292434387,0.40875
2009-03-23,828,21.6075,0,1440,1.0,True,7.387,2009,82,-0.5576655109426263,0.3002771283230471,1.1082775940326974,25.80858329681322,0.460625
2009-03-24,829,27.6952,1,1440,1.0,True,12.211,2009,83,0.31980564334808737,0.6190083149131204,1.158390586040914,27.494932198450662,0.489375
2009-03-25,830,30.646233333333335,2,1440,1.0,True,16.382,2009,84,0.5106798773801745,0.684540582190973,1.1097550609824247,27.745201578213287,0.46875
2009-03-26,831,20.1834,3,1440,1.0,True,8.908,2009,85,-1.0662181492567522,0.16594556463322463,0.9934041639778297,25.04352223476525,0.49625
2009-03-27,832,28.56543333333333,4,1440,1.0,True,11.576,2009,86,0.6724987116878929,0.7350376103482458,1.0917398482374847,26.62231947681811,0.58125
2009-03-28,833,37.68293333333334,5,1440,1.0,True,17.079,2009,87,1.0356284395693733,0.8273963898641377,0.9619686956936494,31.18334340372123,0.58125
2009-03-29,834,36.94416666666667,6,1440,1.0,True,15.137,2009,88,0.6907851623387938,0.740206956966334,1.0889956940943375,30.65840965610399,0.631875
2009-03-30,835,24.6242,0,1440,1.0,True,11.281,2009,89,-0.5648429804763598,0.29800414162848393,1.0939578040852211,25.436601482998775,0.58375
2009-03-31,836,30.391366666666663,1,1440,1.0,True,17.871,2009,90,0.6425383729077336,0.7260961367787104,1.1139251566817985,27.123064056513865,0.62125
2009-04-01,837,27.352333333333338,2,1440,1.0,True,12.48,2009,91,-0.21879715439753677,0.41774581245037673,1.1674660509242676,27.37305927336074,0.58625
2009-04-02,838,27.40556666666667,3,1440,1.0,True,14.952,2009,92,0.4912914588221477,0.6782839180980862,1.1542122010700404,24.670713951976136,0.54
2009-04-03,839,22.721,4,1440,1.0,True,8.882,2009,93,-0.8175479011945344,0.22439235064883334,1.047228738758713,26.24845013076872,0.655625
2009-04-04,840,36.52053333333333,5,1440,1.0,True,23.122,2009,94,1.2615571209633591,0.8704955316020033,0.916301044919528,30.808015353784114,0.67625
2009-04-05,841,22.9286,6,1440,1.0,True,10.692,2009,95,-1.7011484234290009,0.0721915704672994,0.7893450936279259,30.281223425509683,0.7375
2009-04-06,842,24.21056666666667,0,1440,1.0,True,11.273,2009,96,0.34392676757745,0.6275560224173773,1.1310043518943713,25.057156481227217,0.73875
2009-04-07,843,24.001533333333334,1,1440,1.0,True,10.562,2009,97,-0.4320635110529787,0.3416795455586285,1.1612353524612262,26.740959303989595,0.755
2009-04-08,844,25.576666666666664,2,1440,1.0,True,12.926,2009,98,-0.06503209119785608,0.4753493068803882,1.1591269544325769,26.98789412751655,0.711875
2009-04-09,845,31.507866666666665,3,1440,1.0,True,16.53,2009,99,1.389614589092918,0.8906918358188627,0.8795478051085956,24.282088833754464,0.6425
2009-04-10,846,30.7019,4,1440,1.0,True,18.707,2009,100,0.3822016207263127,0.6410979512573869,1.1609463083872107,25.85596725061893,0.638125
2009-04-11,847,41.04076666666666,5,1440,1.0,True,26.18,2009,101,1.5812782085247858,0.9151811165200218,0.8250447874132079,30.411279436225776,0.738125
2009-04-12,848,35.68353333333334,6,1440,1.0,True,21.472,2009,102,0.3273813055169262,0.6215537436639259,1.1402597252605482,29.879842431324807,0.66125
2009-04-13,849,26.643733333333333,0,1438,0.9986111111111112,True,12.863,2009,103,-0.02959204209029374,0.48877486326423836,1.1818265897175297,24.650742326352084,0.658125
2009-04-14,850,25.025633333333335,1,1440,1.0,True,12.707,2009,104,-0.36516123261384625,0.36485181016444157,1.145899208234623,26.329128574179055,0.67375
2009-04-15,851,20.2677,2,1440,1.0,True,7.621,2009,105,-1.0381900523836591,0.17193062273404305,0.9910677642049268,26.570268787857117,0.7425
2009-04-16,852,26.0754,3,1440,1.0,True,13.102,2009,106,0.8198470247738302,0.7760678681618333,1.02161027163791,23.858296932108818,0.748125
2009-04-17,853,34.04683333333333,4,1440,1.0,True,12.879,2009,107,1.394878635062441,0.8914856816197647,0.8660902979085222,25.425643614094714,0.65125
2009-04-18,854,25.204433333333338,5,1440,1.0,True,14.34,2009,108,-1.4324202236665837,0.10352492164892654,0.8542454801104031,29.97406635976762,0.551875
2009-04-19,855,21.441133333333333,6,1440,1.0,True,10.665,2009,109,-1.113092689176571,0.15667706503009302,0.9592775963875465,29.435390357534377,0.490625
2009-04-20,856,24.775166666666667,0,1440,1.0,True,13.12,2009,110,0.6419755606403252,0.725812219802348,1.107209139757324,24.198710515659325,0.435625
2009-04-21,857,31.576633333333337,1,1440,1.0,True,9.68,2009,111,0.9865415587215622,0.8168200882819582,0.9807466070819646,25.869185764488964,0.40625
2009-04-22,858,24.936633333333337,2,1440,1.0,True,15.492,2009,112,-0.5877068197721591,0.2907771714132911,1.125905423061922,26.10209384281944,0.451875
2009-04-23,859,19.024333333333335,3,1440,1.0,True,6.974,2009,113,-0.703344323608098,0.2559193106363752,1.0751491747237742,23.381579477164525,0.525
2009-04-24,860,19.9008,4,1440,1.0,True,10.06,2009,114,-0.6129588303952709,0.2828391191178292,1.1243863611342386,24.940084659469786,0.585625
2009-04-25,861,33.70473333333334,5,1440,1.0,True,19.133,2009,115,1.0962212946232073,0.8399771123765756,0.9961761143198237,29.479378909599056,0.5175
2009-04-26,862,29.693766666666665,6,1440,1.0,True,16.631,2009,116,-0.14689204586863397,0.4445188553880217,1.1675748043181375,28.931300004333433,0.5
2009-04-27,863,22.52713333333333,0,1440,1.0,True,8.392,2009,117,-0.25643682234857096,0.40384664623976585,1.1766071462025867,23.684956019329512,0.57625
2009-04-28,864,28.439766666666667,1,1440,1.0,True,13.908,2009,118,0.634300640747873,0.7236729302277298,1.1176465856144204,25.345519615140113,0.623125
2009-04-29,865,27.744666666666667,2,1440,1.0,True,12.907,2009,119,0.18648537501389145,0.5703275014196661,1.1480180790298617,25.5682828066334,0.613125
2009-04-30,866,30.579366666666665,3,1440,1.0,True,16.695,2009,120,1.2411961016410857,0.8672709718971617,0.9106784627051092,22.837405124590525,0.59625
2009-05-01,867,25.213366666666666,4,1440,1.0,True,13.828,2009,121,-0.37298092181235615,0.3621006187631236,1.145877937679179,24.38534387505214,0.579375
2009-05-02,868,23.231833333333334,5,1440,1.0,True,11.564,2009,122,-1.0735050470952667,0.16456137401573873,0.9818815467646346,28.913884382754084,0.6875
2009-05-03,869,26.814633333333333,6,1440,1.0,True,13.026,2009,123,0.1047309462014696,0.5396471965818335,1.1534897885820827,28.35488070042386,0.584375
2009-05-04,870,27.798033333333333,0,1440,1.0,True,12.792,2009,124,0.9479945927578725,0.8079902724588546,1.0140247140929568,23.097457630400978,0.618125
2009-05-05,871,28.857899999999997,1,1440,1.0,True,16.754,2009,125,0.42339619889488156,0.6553770622930253,1.1312428342131897,24.74680498971476,0.6525
2009-05-06,872,22.498366666666666,2,1440,1.0,True,11.893,2009,126,-0.7130157226715466,0.2531778451317671,1.0842119931709022,24.958232357975724,0.658125
2009-05-07,873,16.877466666666667,3,1440,1.0,True,8.366,2009,127,-0.7927814827546178,0.23101284828219612,1.0722299499623478,22.215917216890695,0.601875
2009-05-08,874,30.9526,4,1440,1.0,True,18.5,2009,128,1.6464917292755574,0.9224477599939891,0.799291451445315,23.752335186995527,0.574375
2009-05-09,875,21.022533333333335,5,1440,1.0,True,9.077,2009,129,-1.7816730771306384,0.06472494295695,0.7655090582207776,28.26929024797395,0.57
2009-05-10,876,32.775866666666666,6,1439,0.9993055555555556,True,19.662,2009,130,1.3956741529657761,0.8913750636770758,0.892968421508558,27.69865542436278,0.6775
2009-05-11,877,25.286266666666663,0,1440,1.0,True,12.501,2009,131,0.17331697383156944,0.5654264087703709,1.1880263622943312,22.429574783134438,0.690625
2009-05-12,878,27.099266666666665,1,1440,1.0,True,14.048,2009,132,0.35339058411290664,0.6310404222278323,1.1797149963863194,24.067257674317425,0.6275
2009-05-13,879,20.7733,2,1440,1.0,True,9.099,2009,133,-0.8262256352387728,0.22215991628749665,1.052576723031234,24.26703345404465,0.63375
2009-05-14,880,26.783066666666667,3,1440,1.0,True,15.564,2009,134,1.177930423189537,0.855980060653447,0.9400254811835476,21.513099598864788,0.644375
2009-05-15,881,23.70376666666667,4,1440,1.0,True,14.071,2009,135,-0.2367455798075462,0.41104862584019464,1.1796390334004536,23.037951916945175,0.741875
2009-05-16,882,33.4563,5,1440,1.0,True,18.79,2009,136,1.0153270588960428,0.8230752780728117,0.999148926504422,27.54341474256155,0.6375
2009-05-17,883,25.7294,6,1440,1.0,True,11.649,2009,137,-0.6183335184417006,0.28138604633878045,1.0825098397303372,26.961381595710968,0.69
2009-05-18,884,20.1651,0,1440,1.0,True,10.108,2009,138,-0.18758737453582963,0.42922670473398766,1.1668968097586185,21.68101715336459,0.580625
2009-05-19,885,26.955733333333335,1,1440,1.0,True,15.026,2009,139,0.7568489488162775,0.7592455449975232,1.0848704817518593,23.30755146355765,0.580625
2009-05-20,886,21.786033333333332,2,1440,1.0,True,12.42,2009,140,-0.54817998781157,0.3031851705880825,1.1155515934841242,23.4963346417361,0.540625
2009-05-21,887,26.2525,3,1440,1.0,True,15.394,2009,141,1.1029619468263736,0.8415912486255103,0.9639599184598774,20.731584958228677,0.626875
2009-05-22,888,17.913433333333334,4,1440,1.0,True,10.267,2009,142,-1.1498684732659106,0.14923189110740465,0.9373858551983721,22.245819022501674,0.558125
2009-05-23,889,25.509966666666667,5,1440,1.0,True,14.903,2009,143,0.0696958144669955,0.5264114668343663,1.185149096903624,26.74088195063332,0.535625
2009-05-24,890,21.4631,6,1440,1.0,True,10.747,2009,144,-0.7585503257795095,0.24046960421875962,1.0581122955260798,26.148687997864297,0.48625
2009-05-25,891,22.568266666666663,0,1440,1.0,True,11.816,2009,145,0.6219778181503274,0.7199298720485271,1.1263514184113592,20.858422502783707,0.405625
2009-05-26,892,22.294566666666665,1,1437,0.9979166666666668,True,12.151,2009,146,-0.14624804890109736,0.4446800475588639,1.1583117111306638,22.47533607437803,0.4625
2009-05-27,893,25.7382,2,1440,1.0,True,14.483,2009,147,0.5676184124903599,0.7030314322803425,1.1208646349865012,22.654799261392554,0.40625
2009-05-28,894,19.662266666666667,3,1440,1.0,True,10.972,2009,148,-0.2478359626495627,0.40697752585808444,1.1468357732938603,19.881050612910858,0.41875
2009-05-29,895,20.7141,4,1440,1.0,True,11.551,2009,149,-0.10915540065079256,0.4586234690584036,1.179685683399439,21.386626835838207,0.356875
2009-05-30,896,27.651766666666667,5,1440,1.0,True,16.051,2009,150,0.36326640853994446,0.63443318354833,1.1559933337382973,25.873392935761693,0.388125
2009-05-31,897,15.948166666666667,6,1440,1.0,True,7.644,2009,151,-1.7924479987334394,0.06372767982952994,0.7500637158751488,25.27328282307612,0.4075
2009-06-01,898,24.054333333333332,0,1440,1.0,True,14.611,2009,152,1.3574837421287718,0.8858488449837679,0.892219619913958,19.975501230962777,0.405625
2009-06-02,899,18.1773,1,1440,1.0,True,8.398,2009,153,-0.8840392697870518,0.2073908573654937,1.0518045466160402,21.58531787648624,0.39625
2009-06-03,900,22.60963333333333,2,1440,1.0,True,13.887,2009,154,0.3836437044515085,0.641657546277618,1.1359984348411671,21.758122104285082,0.426875
2009-06-04,901,17.261000000000003,3,1440,1.0,True,9.266,2009,155,-0.36709570478921094,0.36410416354943365,1.1619548568269238,18.978170921798117,0.4575
2009-06-05,902,20.505999999999997,4,1440,1.0,True,12.971,2009,156,0.11654735142057587,0.5441467361991965,1.157051600595005,20.47801913174044,0.491875
2009-06-06,903,24.590833333333332,5,1440,1.0,True,15.112,2009,157,-0.0689857204554976,0.473836048826761,1.1768228999432175,24.959549448332304,0.49125
2009-06-07,904,20.1232,6,1440,1.0,True,9.752,2009,158,-0.7357396859292288,0.24679184108592345,1.0859737423202023,24.354713079199815,0.45125
2009-06-08,905,19.64626666666667,0,1440,1.0,True,10.007,2009,159,0.390658751964912,0.6441284265375632,1.133925708355382,19.05273161956831,0.528125
2009-06-09,906,22.214166666666664,1,1440,1.0,True,12.109,2009,160,0.23907509385705272,0.5898310855490372,1.1531191727425902,20.65889119003553,0.51625
2009-06-10,907,26.716600000000003,2,1440,1.0,True,15.666,2009,161,0.9531502179112832,0.8091925690317383,1.023071930273436,20.828597057437207,0.6175
2009-06-11,908,21.6775,3,1440,1.0,True,11.082,2009,162,0.25343927028041063,0.5950263174865141,1.1524875727808104,18.04612164776677,0.551875
2009-06-12,909,18.3622,4,1440,1.0,True,8.606,2009,163,-0.4594835634979409,0.33227814848451537,1.1431397348968313,19.544034656898102,0.593125
2009-06-13,910,,5,30,0.0208333333333333,False,0.084,2009,164,,,0.9898729922785424,24.02423314563495,0.579375
2009-06-14,911,,6,0,0.0,False,0.0,2009,165,,,0.9949633839982561,23.418682101037984,0.52625
2009-06-15,912,,0,985,0.6840277777777778,False,6.926,2009,166,,,1.0259376421244815,18.116616310670228,0.48125
2009-06-16,913,25.14653333333333,1,1440,1.0,True,17.895,2009,167,,,1.042744869120361,19.723334481077668,0.475625
2009-06-17,914,16.466933333333333,2,1440,1.0,True,8.779,2009,168,-0.9765238429058286,0.18546757679239434,0.9960964911337942,19.894253840036857,0.418125
2009-06-18,915,19.428333333333335,3,1440,1.0,True,11.684,2009,169,0.6419053822546016,0.7259437040709716,1.1142181792622432,17.11365813155907,0.425
2009-06-19,916,18.114433333333334,4,1440,1.0,True,9.181,2009,170,-0.24925288643721277,0.406440265918783,1.1659542098082603,18.614127709417822,0.34375
2009-06-20,917,18.451666666666664,5,1440,1.0,True,11.816,2009,171,-0.8010575283969142,0.22888112394093493,1.0128494160436095,23.097569615750306,0.39125
2009-06-21,918,14.252366666666669,6,1440,1.0,True,7.453,2009,172,-1.1687684163904337,0.14585935430346736,0.9349274267069996,22.495958126696713,0.515625
2009-06-22,919,18.234966666666665,0,1440,1.0,True,11.597,2009,173,0.7384373484246975,0.7539567640277217,1.0841628875164315,17.19853661174645,0.504375
2009-06-23,920,17.32023333333333,1,1440,1.0,True,10.457,2009,174,-0.3373260603525586,0.3746054480877989,1.1590592285711319,18.810611638119152,0.49875
2009-06-24,921,25.581233333333333,2,1440,1.0,True,18.573,2009,175,1.283209237719431,0.8743034696775325,0.9131722825858742,18.987607559737217,0.456875
2009-06-25,922,12.856033333333333,3,1440,1.0,True,6.719,2009,176,-1.0474736800214692,0.16989117564366027,0.9908540765522048,16.213814499789862,0.508125
2009-06-26,923,21.2887,4,1440,1.0,True,12.316,2009,177,0.8598725327158343,0.7865127786384414,1.0393895981088281,17.72181843267661,0.544375
2009-06-27,924,28.4842,5,1440,1.0,True,18.563,2009,178,0.8826922625521348,0.7921142605446881,1.056163570790086,22.213531251891627,0.516875
2009-06-28,925,17.656566666666667,6,1440,1.0,True,8.163,2009,179,-1.1342999930890088,0.1523828494899689,0.9826748260040767,21.620931305829924,0.555625
2009-06-29,926,16.83556666666667,0,1440,1.0,True,8.854,2009,180,0.35531452026791116,0.6317273849782123,1.1448828267585487,16.333265248196124,0.661875
2009-06-30,927,19.8741,1,1440,1.0,True,10.605,2009,181,0.3092043380303115,0.6153439268956987,1.1927635483257473,17.955842134354906,0.64625
2009-07-01,928,20.3057,2,1440,1.0,True,11.326,2009,182,0.2597743337580141,0.5973718205110955,1.1529847908532247,18.144088003190575,0.68
2009-07-02,929,20.709633333333333,3,1440,1.0,True,9.272,2009,183,0.8063862293946245,0.7726225284171345,1.0341198785626329,15.382293853486873,0.658125
2009-07-03,930,14.402466666666667,4,1440,1.0,True,8.869,2009,184,-0.8106590978746625,0.2262269327678384,1.0552427436900325,16.90304572062251,0.674375
2009-07-04,931,20.6428,5,1440,1.0,True,11.204,2009,185,0.0281269060506628,0.5106678186918268,1.159022314446047,21.408254740151285,0.674375
2009-07-05,932,23.51226666666667,6,1440,1.0,True,12.667,2009,186,0.5288692738927241,0.6905623076847475,1.0993679155712015,20.829897680253463,0.57875
2009-07-06,933,15.904333333333334,0,1440,1.0,True,8.326,2009,187,-0.11864296636561728,0.45506377828779987,1.1727504333434626,15.55721878974601,0.51375
2009-07-07,934,18.502266666666667,1,1440,1.0,True,10.615,2009,188,0.20972560589227973,0.5790080875569295,1.153201795425266,17.19552389299452,0.450625
2009-07-08,935,20.573333333333338,2,1440,1.0,True,12.822,2009,189,0.48184881924380607,0.6751390713529299,1.1256492578983306,17.400234971294957,0.41875
2009-07-09,936,14.1042,3,1440,1.0,True,5.439,2009,190,-0.31553002309528977,0.38244558944673607,1.1311978556541726,14.65563813974193,0.34375
2009-07-10,937,19.7853,4,1436,0.9972222222222222,True,11.104,2009,191,0.675399368159688,0.7359706552811721,1.0769117491482758,16.19431372537728,0.265625
2009-07-11,938,16.566133333333333,5,1440,1.0,True,9.42,2009,192,-0.9877972903305166,0.18298748894879588,1.0263870785105973,20.718166333185458,0.255625
2009-07-12,939,8.557966666666665,6,1440,1.0,True,4.649,2009,193,-1.8046175761454315,0.06271661910686684,0.7462727560242638,20.159165381928634,0.220625
2009-07-13,940,8.2791,0,1440,1.0,True,4.475,2009,194,-0.4109622897988699,0.3491416238056337,1.155005946813617,14.90654695649383,0.20375
2009-07-14,941,15.190499999999998,1,1440,1.0,True,9.076,2009,195,0.1966289012611034,0.5741027236514806,1.156296398867853,16.56560790810552,0.180625
2009-07-15,942,11.967899999999998,2,1440,1.0,True,7.63,2009,196,-0.7719627813402623,0.23673585638104858,1.0612118730228395,16.791760441953315,0.16125
2009-07-16,943,9.992566666666669,3,1440,1.0,True,5.626,2009,197,-0.411214728793435,0.34886188126560824,1.1285386049910449,14.069280101256062,0.12875
2009-07-17,944,12.1968,4,1440,1.0,True,7.296,2009,198,-0.3475709748512581,0.3710527512126472,1.1790727497357876,15.630735853541282,0.14625
2009-07-18,945,16.106833333333334,5,1440,1.0,True,6.052,2009,199,-0.5022425734317942,0.31824241482928417,1.1287750199320725,20.1780201657039,0.1025
2009-07-19,946,20.060733333333335,6,1440,1.0,True,5.656,2009,200,0.3442655463197745,0.6277466646878301,1.1263284327927976,19.643089549822594,0.0775
2009-07-20,947,11.041433333333334,0,1440,1.0,True,6.646,2009,201,-0.6340774382650357,0.27640010156343336,1.0950330390059388,14.415166426400617,0.081875
2009-07-21,948,13.5627,1,1440,1.0,True,8.776,2009,202,-0.2300122352791283,0.41354293163862216,1.164212877480313,16.099533236366923,0.10375
2009-07-22,949,12.325533333333334,2,1440,1.0,True,4.646,2009,203,-0.5511467003550045,0.30234241646545895,1.1224703954858706,16.35158704138221,0.105
2009-07-23,950,17.166666666666668,3,1440,1.0,True,10.612,2009,204,0.895320724557452,0.7952746440799672,1.0225555907178205,13.655587521449734,0.116875
2009-07-24,951,9.3623,4,1440,1.0,True,4.758,2009,205,-1.2954552267028197,0.12368550891398661,0.9150752868223936,15.244087075599916,0.136875
2009-07-25,952,8.944799999999999,5,1440,1.0,True,4.293,2009,206,-1.55761449885295,0.08758093780393215,0.8314449754706584,19.81896091219652,0.16125
2009-07-26,953,9.050266666666666,6,1440,1.0,True,4.818,2009,207,-1.1138541345429593,0.15673796480475288,0.9533872058568522,19.3121476108224,0.13
2009-07-27,954,11.4761,0,1440,1.0,True,7.264,2009,208,0.2143420438813203,0.5805522609966998,1.137789814788848,14.112851002400525,0.08375
2009-07-28,955,15.0475,1,1440,1.0,True,9.252,2009,209,0.035627259911237635,0.5135370363613312,1.1512689803773537,15.826334298858415,0.07875
2009-07-29,956,15.033333333333331,2,1440,1.0,True,9.167,2009,210,-0.1400575104729061,0.44705669881881865,1.2027237609168515,16.107974711871684,0.05125
2009-07-30,957,13.205433333333334,3,1440,1.0,True,6.344,2009,211,0.0255116169142346,0.5096853730967897,1.1858509562746622,13.442011469654737,0.044375
2009-07-31,958,16.263833333333334,4,1440,1.0,True,10.59,2009,212,0.2258857878822028,0.5849445635297431,1.1949870578246191,15.060975937555522,0.0275
2009-08-01,959,11.782766666666667,5,1440,1.0,True,7.092,2009,213,-1.4968468431037394,0.09489292078087747,0.8454886600305326,19.66672172897484,0.030625
2009-08-02,960,8.162066666666666,6,1440,1.0,True,4.176,2009,214,-1.451966238206753,0.1009067255200744,0.8376039062300698,19.191165288546106,0.02625
2009-08-03,961,8.3383,0,1440,1.0,True,4.416,2009,215,-0.28063656514114776,0.3952777069654504,1.171408025790006,14.023487794206797,0.036875
2009-08-04,962,8.481533333333333,1,1440,1.0,True,4.478,2009,216,-0.926568465136066,0.19719454863244823,1.026444791376125,15.768929309447843,0.055
2009-08-05,963,8.644200000000001,2,1440,1.0,True,4.662,2009,217,-0.8442244036940084,0.21782881279408925,1.0649435394187459,16.082843425245255,0.055625
2009-08-06,964,8.877866666666668,3,1440,1.0,True,4.852,2009,218,-0.32462801922522005,0.3793531685007449,1.1658349916059523,13.449445300623752,0.053125
2009-08-07,965,8.988266666666668,4,1440,1.0,True,4.9,2009,219,-0.7946827468670803,0.23060478887253016,1.0750501958932728,15.101241807575093,0.045
2009-08-08,966,8.774533333333332,5,1440,1.0,True,4.739,2009,220,-1.558429778680031,0.08751680932139465,0.84231753221713,19.740061666827643,0.04
2009-08-09,967,16.637233333333334,6,1440,1.0,True,9.518,2009,221,0.25494262076661356,0.5954222979300585,1.173982840948738,19.297796056375052,0.0875
2009-08-10,968,17.822633333333332,0,1440,1.0,True,9.731,2009,222,0.8331118747957682,0.7795621338617537,1.0463260224182158,14.163600539364184,0.14375
2009-08-11,969,15.849233333333332,1,1440,1.0,True,8.901,2009,223,-0.2637108077334058,0.401203677336091,1.1790910591278225,15.94268924260328,0.17625
2009-08-12,970,13.7406,2,1440,1.0,True,6.592,2009,224,-0.450318843769092,0.33553430071306933,1.1359712123661303,16.290389525158762,0.245
2009-08-13,971,,3,549,0.38125,False,6.626,2009,225,,,1.0194557793071726,13.690890045966134,0.279375
2009-08-14,972,12.477933333333334,4,1440,1.0,True,5.926,2009,226,,,1.1330750109208747,15.376670936142652,0.311875
2009-08-15,973,25.234366666666663,5,1440,1.0,True,14.211,2009,227,1.121170006476643,0.8450431916193267,0.981142788073048,20.04953396246838,0.408125
2009-08-16,974,20.2952,6,1440,1.0,True,8.389,2009,228,-0.23413237986400084,0.4121124756494114,1.1642756985034795,19.641343163913408,0.5925
2009-08-17,975,13.098466666666669,0,1440,1.0,True,7.075,2009,229,-0.30358786466377785,0.38680122004268197,1.153386282827705,14.54122680777635,0.598125
2009-08-18,976,18.009966666666667,1,1440,1.0,True,10.07,2009,230,0.39221891590755925,0.644677524347138,1.1434683064557611,16.354371596663718,0.615
2009-08-19,977,14.679033333333331,2,1440,1.0,True,7.752,2009,231,-0.4791335700863466,0.3258657056416385,1.1463701025862247,16.736077365749612,0.608125
2009-08-20,978,12.9287,3,1440,1.0,True,7.021,2009,232,-0.08842419436866968,0.46649905276299625,1.1746188125247137,14.170505179201891,0.661875
2009-08-21,979,19.362433333333335,4,1440,1.0,True,11.457,2009,233,0.7005247258665436,0.7432809159351131,1.0958713208884001,15.890107531434891,0.608125
2009-08-22,980,25.8123,5,1440,1.0,True,16.296,2009,234,0.699534848075654,0.7428571131263481,1.1109255082323215,20.596658539619412,0.654375
2009-08-23,981,17.778466666666667,6,1440,1.0,True,8.762,2009,235,-0.7912071191707587,0.23164021422098938,1.0262068164441736,20.22199460929494,0.6225
2009-08-24,982,20.8709,0,1440,1.0,True,11.263,2009,236,1.1876146553654343,0.8576854728705859,0.955805147481151,15.1552164196172,0.67875
2009-08-25,983,15.726833333333332,1,1440,1.0,True,8.186,2009,237,-0.6129970994801596,0.28292043374431913,1.087442871988751,17.00148315943483,0.738125
2009-08-26,984,18.942433333333337,2,1440,1.0,True,11.507,2009,238,0.3600239038203423,0.6333234669570834,1.1367151546594687,17.416067253603156,0.72
2009-08-27,985,12.4911,3,1440,1.0,True,4.947,2009,239,-0.5347254706306335,0.30757706181133754,1.1010490526177454,14.883102488385694,0.748125
2009-08-28,986,18.647366666666667,4,1440,1.0,True,10.388,2009,240,0.5162306570058408,0.6864894518819987,1.1089531713817269,16.63501424157437,0.7925
2009-08-29,987,23.140233333333335,5,1440,1.0,True,14.095,2009,241,0.17948840944035133,0.5676941834244821,1.1547667316533625,21.373549703721228,0.773125
2009-08-30,988,27.8057,6,1440,1.0,True,14.664,2009,242,1.0929436619078325,0.8395068411840628,0.9555122560169548,21.030518572295126,0.753125
2009-08-31,989,21.092033333333333,0,1440,1.0,True,11.612,2009,243,0.45861336321806123,0.6672424625324767,1.1310573887033388,15.994995065265565,0.753125
2009-09-01,990,16.342266666666667,1,1440,1.0,True,6.77,2009,244,-0.6169539338397015,0.28170241450780215,1.1060384468990379,17.872112185272545,0.729375
2009-09-02,991,20.380233333333333,2,1440,1.0,True,11.527,2009,245,0.47365547921955004,0.6723634949138362,1.136247750619659,18.317116473758936,0.73
2009-09-03,992,20.853133333333336,3,1440,1.0,True,11.429,2009,246,0.761635485164378,0.7605026306825736,1.0786654543853365,15.814116163885165,0.766875
2009-09-04,993,17.07313333333333,4,1440,1.0,True,8.731,2009,247,-0.43629959073185054,0.34022224872615914,1.1297296629584161,17.59551143782143,0.798125
2009-09-05,994,25.2311,5,1440,1.0,True,15.669,2009,248,0.5472640363078688,0.6964166616172046,1.092392468105536,22.36302467478439,0.7925
2009-09-06,995,20.47716666666667,6,1440,1.0,True,10.614,2009,249,-0.476779301240896,0.32668504220952216,1.121601696582511,22.048441171599464,0.85125
2009-09-07,996,20.357633333333336,0,1440,1.0,True,11.072,2009,250,0.6996993376717177,0.742945273245148,1.0751648799027316,17.04081118225511,0.820625
2009-09-08,997,18.104233333333333,1,1440,1.0,True,10.112,2009,251,-0.37372976627760446,0.36184723072104574,1.132147121108137,18.94524420758711,0.8325
2009-09-09,998,25.355733333333333,2,1440,1.0,True,15.467,2009,252,1.1225206255704907,0.8454072942159998,0.9537607857258991,19.41696377443103,0.860625
2009-09-10,999,18.539233333333335,3,1440,1.0,True,8.036,2009,253,-0.11462013026409296,0.45661591882645297,1.1757993682753294,16.94005561304272,0.885625
2009-09-11,1000,20.235766666666667,4,1440,1.0,True,12.324,2009,254,0.1553155099836396,0.5587158640743746,1.1676914793159812,18.746897938343974,0.880625
2009-09-12,1001,34.40596666666667,5,1440,1.0,True,23.386,2009,255,1.846518810918342,0.9407715220906212,0.7486140120285563,23.539191721343315,0.888125
2009-09-13,1002,26.1717,6,1439,0.9993055555555556,True,14.928,2009,256,-0.2073513645096748,0.4220820409569679,1.1656377618433909,23.248701432475528,0.92
2009-09-14,1003,26.247633333333333,0,1440,1.0,True,12.537,2009,257,1.2350526429913067,0.8661218849046678,0.9045035578589886,18.264457103308406,0.953125
2009-09-15,1004,24.2801,1,1440,1.0,True,10.973,2009,258,0.1972647554454442,0.574298106576144,1.1557760487031192,20.19154863772689,0.9575
2009-09-16,1005,29.0527,2,1440,1.0,True,17.889,2009,259,1.2275729040392782,0.8648439305634562,0.9073322136793286,20.685180611904123,0.95875
2009-09-17,1006,20.39043333333333,3,1440,1.0,True,10.273,2009,260,-0.17647007652831578,0.4334549598926001,1.1607555454503744,18.229420471840243,0.955
2009-09-18,1007,22.900533333333332,4,1440,1.0,True,11.796,2009,261,0.3608859323086604,0.6337011251316522,1.1493959186552092,20.056628834001867,0.96
2009-09-19,1008,35.595166666666664,5,1440,1.0,True,20.502,2009,262,1.730869315649576,0.9307322204086377,0.7550197781715542,24.868489775386895,0.955625
2009-09-20,1009,33.922133333333335,6,1440,1.0,True,18.933,2009,263,0.9500793443957679,0.8080984862793464,1.002788072261028,24.59675159474144,0.9275
2009-09-21,1010,23.63113333333333,0,1440,1.0,True,12.369,2009,264,0.09205702480826755,0.5348474714998666,1.1684412219608202,19.63042889135292,0.915
2009-09-22,1011,20.7756,1,1440,1.0,True,10.036,2009,265,-0.411359186658257,0.3487831498897273,1.1218608885165304,21.574596892510826,0.871875
2009-09-23,1012,27.276833333333332,2,1440,1.0,True,15.947,2009,266,0.9866237658521664,0.8168171176644976,1.0050324983894825,22.0844462689287,0.82125
2009-09-24,1013,23.770966666666663,3,1440,1.0,True,12.046,2009,267,0.38928256546482926,0.6435900622403286,1.140911540281959,19.64403134688606,0.81875
2009-09-25,1014,19.350266666666663,4,1440,1.0,True,10.288,2009,268,-0.663210046907185,0.2676823374263927,1.1008846297254786,21.48570042260964,0.795
2009-09-26,1015,25.937566666666665,5,1440,1.0,True,17.095,2009,269,0.0754436693957453,0.5285987632568708,1.1769300063885748,26.31112606520252,0.740625
2009-09-27,1016,23.507866666666665,6,1440,1.0,True,14.942,2009,270,-0.432666688039754,0.3415733562554095,1.1317613562452606,26.052045889828854,0.65625
2009-09-28,1017,21.6576,0,1440,1.0,True,11.4,2009,271,0.27187203504247137,0.6017413777072008,1.1489169668895192,21.097464647575208,0.5675
2009-09-29,1018,19.10663333333333,1,1440,1.0,True,8.956,2009,272,-0.7443035778013021,0.24434115889922972,1.0707272983179428,23.05244856305254,0.515625
2009-09-30,1019,29.5456,2,1438,0.9986111111111112,True,18.246,2009,273,1.3380675298952247,0.8829721425890311,0.8759537936281413,23.57218015903427,0.5175
2009-10-01,1020,21.4542,3,1440,1.0,True,10.985,2009,274,-0.34634766827501734,0.37151914933172514,1.1544641136541032,21.140706476869244,0.52125
2009-10-02,1021,19.211133333333333,4,1440,1.0,True,10.712,2009,275,-0.7017239773129234,0.2563684063057796,1.077386546097696,22.990369398187255,0.525
2009-10-03,1022,28.612333333333332,5,1440,1.0,True,19.044,2009,276,0.39453716730287985,0.6453306522778294,1.1404117736732586,27.822835954189586,0.525625
2009-10-04,1023,27.018433333333338,6,1440,1.0,True,15.668,2009,277,-0.15312738496052566,0.4421865309847287,1.1530330912815407,27.569839104231882,0.573125
2009-10-05,1024,21.258699999999997,0,1440,1.0,True,9.509,2009,278,-0.20596749288352437,0.4224647438650745,1.1656700652162544,22.620379830109886,0.63
2009-10-06,1025,23.807466666666667,1,1440,1.0,True,9.35,2009,279,-0.04613960992319043,0.4824967405972085,1.1862931577139535,24.579521477109175,0.61
2009-10-07,1026,30.3639,2,1440,1.0,True,14.976,2009,280,0.9978736390118254,0.8193401579875997,1.0190708228060976,25.102444581110344,0.623125
2009-10-08,1027,26.2861,3,1440,1.0,True,14.278,2009,281,0.2931747086895074,0.6094714921746792,1.1969044249178842,22.673195090485564,0.588125
2009-10-09,1028,22.531033333333333,4,1440,1.0,True,11.277,2009,282,-0.6025503841087838,0.28606026265212237,1.0738109748484568,24.524114688302827,0.585625
2009-10-10,1029,33.54593333333334,5,1440,1.0,True,19.891,2009,283,0.8844296770103901,0.792512372324332,1.0484272903110832,29.356871101127577,0.61
2009-10-11,1030,32.30473333333334,6,1439,0.9993055555555556,True,19.213,2009,284,0.29187774071428235,0.6089315263457135,1.1636386093776674,29.10319887613789,0.733125
2009-10-12,1031,22.526733333333333,0,1440,1.0,True,10.932,2009,285,-0.5046815182392714,0.3173801764755767,1.1198143131518736,24.152101472951006,0.704375
2009-10-13,1032,24.151666666666664,1,1440,1.0,True,11.043,2009,286,-0.2405633012753448,0.4096831518449154,1.1486625789944083,26.108645601243406,0.681875
2009-10-14,1033,28.5204,2,1440,1.0,True,15.145,2009,287,0.4737161785925672,0.6724050986307115,1.1098644672799856,26.628016043445594,0.690625
2009-10-15,1034,24.832933333333333,3,1440,1.0,True,11.733,2009,288,-0.013699892536344807,0.4947971331446195,1.1731235033902339,24.194263871259036,0.683125
2009-10-16,1035,25.281,4,1440,1.0,True,11.618,2009,289,-0.18149901030306315,0.4315056275164373,1.1725710078142584,26.03973676151775,0.6325
2009-10-17,1036,45.70133333333333,5,1440,1.0,True,28.18,2009,290,2.7102993110892544,0.9812241346723158,0.5180455342581263,30.86610929769293,0.67
2009-10-18,1037,25.936066666666665,6,1440,1.0,True,12.355,2009,291,-1.832861060224113,0.06067027777817552,0.7250306511623785,30.605123738759406,0.730625
2009-10-19,1038,22.818466666666662,0,1440,1.0,True,9.788,2009,292,-0.19192896870730414,0.42768153799211633,1.1641379044670612,25.645792101842837,0.768125
2009-10-20,1039,28.713466666666665,1,1440,1.0,True,12.215,2009,293,0.39193136999758016,0.6445240053677885,1.164154259103816,27.59319048972694,0.709375
2009-10-21,1040,32.8251,2,1440,1.0,True,16.516,2009,294,0.774869247584703,0.7640783050222514,1.0507543684495613,28.102513902525104,0.63875
2009-10-22,1041,23.3285,3,1440,1.0,True,11.566,2009,295,-0.7353499392599204,0.24686853221437324,1.0795596090517938,25.657824442272496,0.545
2009-10-23,1042,29.290833333333335,4,1440,1.0,True,15.371,2009,296,0.47637415239786113,0.6733288095373956,1.1199465244263411,27.491481615973395,0.600625
2009-10-24,1043,43.57346666666667,5,1440,1.0,True,22.661,2009,297,1.899523670979768,0.9448352003995615,0.7206209412869066,32.3051726234204,0.575625
2009-10-25,1044,40.10893333333333,6,1440,1.0,True,22.882,2009,298,0.6916682923194465,0.7401568483621587,1.1062496197270228,32.03065311152001,0.4125
2009-10-26,1045,18.539066666666667,0,1440,1.0,True,6.731,2009,299,-2.066887437778395,0.04400309886438584,0.6707195785618387,27.056949241557977,0.420625
2009-10-27,1046,18.6126,1,1440,1.0,True,9.395,2009,300,-1.2870421447474185,0.12524829488660172,0.8955302521167323,28.98915200050627,0.414375
2009-10-28,1047,21.145133333333337,2,1440,1.0,True,10.825,2009,301,-0.7948256903994638,0.2308165928780366,1.0136387507757172,29.482471995689707,0.48125
2009-10-29,1048,33.024,3,1440,1.0,True,10.567,2009,302,1.6345139915024287,0.9210765305359936,0.8125076670572162,27.020987641592708,0.419375
2009-10-30,1049,24.8893,4,1440,1.0,True,12.612,2009,303,-1.1126007334321644,0.15657763592131063,0.9607591540692374,28.837075444359545,0.418125
2009-10-31,1050,31.2657,5,1440,1.0,True,18.924,2009,304,-0.15897684276210294,0.43998905771927044,1.1473199249012396,33.63244027032923,0.3375
2009-11-01,1051,30.719466666666666,6,1440,1.0,True,14.655,2009,305,-0.31117868044106656,0.3841645791828793,1.156765192244202,33.33885608035421,0.19
2009-11-02,1052,25.07043333333333,0,1440,1.0,True,9.842,2009,306,-0.409311304995569,0.34948001001554274,1.1177537014475092,28.34536797637443,0.188125
2009-11-03,1053,37.77813333333334,1,1440,1.0,True,14.985,2009,307,1.5696698831511293,0.9139642585879149,0.8382015655888244,30.25708649135402,0.199375
2009-11-04,1054,30.03,2,1440,1.0,True,17.329,2009,308,-0.6260811277165291,0.27905211778850675,1.1210439040558413,30.72924236194151,0.243125
2009-11-05,1055,26.007766666666665,3,1440,1.0,True,11.505,2009,309,-0.35501890754701276,0.368403335103172,1.1570953780971467,28.245934692647406,0.33625
2009-11-06,1056,23.174166666666668,4,1440,1.0,True,11.768,2009,310,-1.0826788133611966,0.16252356320943867,0.9588287213281729,30.039561217125737,0.228125
2009-11-07,1057,25.95293333333333,5,1440,1.0,True,12.609,2009,311,-1.1269308550755381,0.15397905187195518,0.9728771397657693,34.81184854292126,0.213125
2009-11-08,1058,41.80003333333333,6,1440,1.0,True,21.887,2009,312,1.9035038608799706,0.9450171867037572,0.7152610463730525,34.49459286147238,0.285
2009-11-09,1059,23.412533333333332,0,1439,0.9993055555555556,True,9.176,2009,313,-1.5749999999967668,0.08549126111415437,0.8170901788864284,29.476861969846727,0.2875
2009-11-10,1060,26.76973333333333,1,1440,1.0,True,13.338,2009,314,-0.41486058322762565,0.3476212570432196,1.156807255684398,31.363789535376227,0.27125
2009-11-11,1061,34.008,2,1440,1.0,True,18.657,2009,315,0.7059026092567549,0.7446358690709741,1.076537916229572,31.81062984255218,0.18875
2009-11-12,1062,24.384433333333337,3,1440,1.0,True,11.318,2009,316,-1.0294759034126357,0.17374500139536636,0.9916030813753605,29.301505931024245,0.280625
2009-11-13,1063,25.548766666666666,4,1440,1.0,True,11.441,2009,317,-0.6617688880292034,0.26814198046239673,1.1002096490748228,31.068839830312907,0.2525
2009-11-14,1064,42.67426666666667,5,1440,1.0,True,25.448,2009,318,1.6005751942794952,0.9172930351279511,0.8190415887208655,35.814382777627,0.3225
2009-11-15,1065,32.788466666666665,6,1440,1.0,True,15.715,2009,319,-0.9411014218424255,0.19405031870664147,1.0058507008478046,35.46995590061368,0.47
2009-11-16,1066,25.241133333333337,0,1440,1.0,True,11.92,2009,320,-0.7471610900104768,0.2435560395934618,1.0913431319221853,30.424652211541964,0.431875
2009-11-17,1067,28.471566666666668,1,1440,1.0,True,12.069,2009,321,-0.33374798187167515,0.37601355283819105,1.1365660440083594,32.28363084412167,0.40875
2009-11-18,1068,43.98623333333333,2,1440,1.0,True,27.454,2009,322,2.2823125845631695,0.9670457699442057,0.6179857006296515,32.702171772356365,0.48875
2009-11-19,1069,24.5808,3,1440,1.0,True,11.417,2009,323,-1.758488392530274,0.06685660418718879,0.7512555018952116,30.164423920295583,0.463125
2009-11-20,1070,32.6836,4,1440,1.0,True,14.066,2009,324,0.5124097917350787,0.6850988142315212,1.1332563995267264,31.902835368340117,0.465
2009-11-21,1071,41.61426666666667,5,1440,1.0,True,20.244,2009,325,0.8436273888799276,0.7820466237398042,1.0401155572896823,36.61918354251626,0.419375
2009-11-22,1072,40.8496,6,1440,1.0,True,23.282,2009,326,0.4899976674352508,0.6775231318188096,1.1626013338984922,36.24531586858345,0.305625
2009-11-23,1073,24.518700000000003,0,1440,1.0,True,8.632,2009,327,-1.499086739033651,0.09457489088717862,0.8522612810344435,31.170351737510998,0.24625
2009-11-24,1074,35.48093333333334,1,1440,1.0,True,16.156,2009,328,0.8928605259901167,0.7945108546849045,1.0388848279928788,32.999476713555566,0.273125
2009-11-25,1075,33.00216666666667,2,1440,1.0,True,16.424,2009,329,-0.23180452605656932,0.4129604998472843,1.1442028170474805,33.387997224372974,0.26125
2009-11-26,1076,26.660433333333337,3,1440,1.0,True,12.738,2009,330,-0.7204640221862446,0.25107371640230136,1.114196325284429,30.82008864206489,0.209375
2009-11-27,1077,23.000433333333337,4,1440,1.0,True,11.995,2009,331,-1.431043023071044,0.10352035632323067,0.8599050430115313,32.528225460842044,0.210625
2009-11-28,1078,30.9825,5,1440,1.0,True,17.935,2009,332,-0.4774179595767481,0.32669670836185427,1.1358688664156944,37.21421145776011,0.1775
2009-11-29,1079,27.516033333333333,6,1440,1.0,True,11.962,2009,333,-1.2483217537595976,0.13187274234047824,0.9126696373242885,36.80992031841843,0.15
2009-11-30,1080,29.0865,0,1440,1.0,True,13.48,2009,334,0.15619047155806337,0.558930570649023,1.1491389410756527,31.704497574196616,0.143125
2009-12-01,1081,29.272966666666665,1,1440,1.0,True,11.175,2009,335,-0.5809004862209622,0.2929216234453121,1.1496964362077415,33.50315478229006,0.16125
2009-12-02,1082,39.09446666666667,2,1440,1.0,True,21.046,2009,336,1.2255894288388913,0.8642681097176406,0.9315256027830765,33.86122418800754,0.148125
2009-12-03,1083,24.66146666666667,3,1440,1.0,True,11.347,2009,337,-1.5351820961454052,0.09014506633765187,0.8504175812727772,31.262906778269997,0.12625
2009-12-04,1084,28.52156666666667,4,1440,1.0,True,10.644,2009,338,-0.3515757688421627,0.3697004676896403,1.131627726878505,32.94070243202005,0.163125
2009-12-05,1085,39.19603333333334,5,1440,1.0,True,17.497,2009,339,0.5836174251374671,0.707691334683142,1.1016033193515613,37.596440054028015,0.19625
2009-12-06,1086,39.638133333333336,6,1440,1.0,True,19.445,2009,340,0.33611431908979833,0.6246684089958611,1.1336355244624428,37.16201817401968,0.18625
2009-12-07,1087,29.043966666666662,0,1440,1.0,True,11.781,2009,341,-0.6988056508468738,0.25731794027337695,1.0783738749823533,32.02660685773008,0.244375
2009-12-08,1088,33.44806666666667,1,1440,1.0,True,16.834,2009,342,0.13947439022560568,0.5526891384437427,1.156769492747262,33.79544186117127,0.249375
2009-12-09,1089,30.039266666666663,2,1440,1.0,True,13.38,2009,343,-0.7052710543602038,0.25558955103031294,1.1000439810846,34.12387926761174,0.27625
2009-12-10,1090,34.2381,3,1438,0.9986111111111112,True,18.571,2009,344,0.7646129107788111,0.7610990543375317,1.0740938973473384,31.496143516232664,0.15875
2009-12-11,1091,29.741033333333338,4,1440,1.0,True,13.182,2009,345,-0.7964256400185483,0.23012550918996955,1.038466351008974,33.14475752819737,0.1925
2009-12-12,1092,30.273000000000003,5,1440,1.0,True,13.405,2009,346,-1.1155273963434558,0.15619678668736442,0.960953442347236,37.77157281665411,0.195
2009-12-13,1093,35.646899999999995,6,1440,1.0,True,17.579,2009,347,0.20457686266300526,0.5768551692845488,1.1490998155996204,37.308510062616556,0.176875
2009-12-14,1094,29.91436666666667,0,1440,1.0,True,14.112,2009,348,-0.2865283179571511,0.3929523030662941,1.1723252586321906,32.144761003356855,0.068125
2009-12-15,1095,32.33526666666667,1,1440,1.0,True,15.587,2009,349,-0.12674933318367398,0.4520487570694951,1.1699121750355699,33.8855825646247,0.09375
2009-12-16,1096,23.2479,2,1440,1.0,True,12.19,2009,350,-1.8533070623739087,0.05876231580890519,0.7250303856749087,34.18635147621865,0.08875
2009-12-17,1097,28.6197,3,1440,1.0,True,14.703,2009,351,0.21079274416751542,0.5791526986748599,1.1670012218295596,31.531312279889367,0.06875
2009-12-18,1098,29.078433333333333,4,1440,1.0,True,12.965,2009,352,-0.5375731652344955,0.3066814903382623,1.129535212898627,33.15300743534525,0.1275
2009-12-19,1099,36.738899999999994,5,1440,1.0,True,17.508,2009,353,0.0916720440221185,0.5346581458366944,1.1612559345085174,37.75330741089693,0.164375
2009-12-20,1100,19.069433333333333,6,1440,1.0,True,9.345,2009,354,-3.1941908057384607,0.010261724842218546,0.41782056730357,37.26415124070949,0.205625
2009-12-21,1101,33.9161,0,1440,1.0,True,15.048,2009,355,1.5522617416997675,0.9112820430737284,0.8193290106859058,32.07474839531671,0.209375
2009-12-22,1102,31.467033333333333,1,1440,1.0,True,16.114,2009,356,-0.5385864382062535,0.30642320361788733,1.1181695192260668,33.79037289673392,0.249375
2009-12-23,1103,24.253333333333337,2,1440,1.0,True,12.632,2009,357,-1.5998585905496687,0.08276819019851674,0.8053311892738566,34.0664179177063,0.281875
2009-12-24,1104,48.43156666666666,3,1440,1.0,True,25.957,2009,358,3.712429118807708,0.9944150226842687,0.3528123296407284,31.387143774105596,0.444375
2009-12-25,1105,35.4608,4,1440,1.0,True,21.554,2009,359,-0.7021714207396543,0.25705455701419067,1.0848475469462573,32.98510801624586,0.525625
2009-12-26,1106,36.393633333333334,5,1440,1.0,True,21.527,2009,360,-0.3754857558334633,0.3613939835797983,1.1437626771163196,37.56219550568301,0.43625
2009-12-27,1107,36.59086666666666,6,1440,1.0,True,16.986,2009,361,-0.0048185158541346725,0.49815907397851367,1.1769182017561979,37.05035895947849,0.30625
2009-12-28,1108,34.90163333333333,0,1440,1.0,True,19.172,2009,362,0.5814111234483813,0.7071390315584627,1.127307024388574,31.838820808592384,0.445
2009-12-29,1109,34.1328,1,1440,1.0,True,11.811,2009,363,-0.0966355516034196,0.4633997783746877,1.179307223437354,33.53286730176212,0.38
2009-12-30,1110,40.85183333333334,2,1440,1.0,True,22.307,2009,364,1.22924450632709,0.8647934161920816,0.9322176116402261,33.78790309440988,0.436875
2009-12-31,1111,36.864866666666664,3,1440,1.0,True,19.796,2009,365,0.5603709319658647,0.7003759181819443,1.1375832272996194,31.088199231606264,0.5
2010-01-01,1112,20.4042,4,1440,1.0,True,6.189,2010,1,-2.5883177461381246,0.02200096781506313,0.5566377412644214,32.66632323086717,0.331875
2010-01-02,1113,21.813933333333335,5,1439,0.9993055555555556,True,7.523,2010,2,-1.939922338291511,0.05247218032804499,0.6905234643339645,37.22416915136404,0.286875
2010-01-03,1114,34.72423333333334,6,1440,1.0,True,18.836,2010,3,0.6797143586442012,0.7362488303439326,1.085427011861466,36.693698131527036,0.3025
2010-01-04,1115,26.735533333333333,0,1440,1.0,True,11.104,2010,4,-0.7140860117411237,0.2529910346075938,1.0906941151060163,31.4641402417211,0.360625
2010-01-05,1116,36.99633333333334,1,1440,1.0,True,18.546,2010,5,1.009486763085594,0.8216094982083567,0.9942194583523087,33.140788583350194,0.28625
2010-01-06,1117,29.619666666666667,2,1440,1.0,True,16.346,2010,6,-0.9294098608554774,0.1967881693875633,1.040603205433581,33.37905387393987,0.270625
2010-01-07,1118,29.4907,3,1440,1.0,True,14.389,2010,7,0.04059693548368085,0.5153641224453132,1.1942102677165531,30.66321242723188,0.188125
2010-01-08,1119,29.953466666666667,4,1440,1.0,True,13.525,2010,8,-0.33153990250927196,0.37679932360536755,1.1314575066324324,32.22583623406386,0.15
2010-01-09,1120,38.94833333333334,5,1440,1.0,True,22.37,2010,9,0.5429533422637529,0.6947460971162979,1.1226387659064494,36.768823030621185,0.301875
2010-01-10,1121,41.807766666666666,6,1440,1.0,True,19.704,2010,10,0.8536475226685774,0.7844927906561786,1.046317776348442,36.224136836035086,0.484375
2010-01-11,1122,25.3114,0,1440,1.0,True,11.87,2010,11,-1.389520667067267,0.10948012721793259,0.8780077926372178,30.981009806009073,0.45875
2010-01-12,1123,,1,893,0.6201388888888889,False,13.61,2010,12,,,1.0268744728001185,32.64473633382678,0.540625
2010-01-13,1124,,2,0,0.0,False,0.0,2010,13,,,0.9875068230042234,32.870727638287704,0.5875
2010-01-14,1125,,3,298,0.2069444444444444,False,3.867,2010,14,,,1.0213741400488652,30.14325974759278,0.693125
2010-01-15,1126,36.61266666666667,4,1440,1.0,True,18.455,2010,15,,,1.0602903850143774,31.69490358496361,0.76875
2010-01-16,1127,35.8352,5,1440,1.0,True,18.672,2010,16,-0.40045521498223025,0.352753968564733,1.1634697535960004,36.227555042553995,0.784375
2010-01-17,1128,31.775933333333334,6,1440,1.0,True,17.334,2010,17,-0.6734128591012158,0.26498870910921646,1.1010767058492639,35.673175525638,0.829375
2010-01-18,1129,31.351633333333332,0,1440,1.0,True,13.893,2010,18,0.4295334240383144,0.6572668107932463,1.1436700681736693,30.420993813741667,0.81
2010-01-19,1130,40.55846666666666,1,1440,1.0,True,22.008,2010,19,1.4590749051910494,0.9000837128680607,0.8746380673255771,32.07630017005167,0.87375
2010-01-20,1131,39.19546666666667,2,1440,1.0,True,20.221,2010,20,0.6710452121550315,0.7340365198576176,1.0967680442659185,32.294500938653414,0.863125
2010-01-21,1132,35.63093333333333,3,1440,1.0,True,17.794,2010,21,0.6238399359305146,0.720140485940986,1.1185142192896456,29.55986653859566,0.91375
2010-01-22,1133,29.843766666666667,4,1440,1.0,True,15.563,2010,22,-0.6362935933655124,0.2759271909414132,1.0489440184342675,31.104961560553818,0.919375
2010-01-23,1134,43.475166666666674,5,1439,0.9993055555555556,True,23.261,2010,23,1.4903263996661542,0.9040472497890719,0.8559569948981516,35.63167485264221,0.92125
2010-01-24,1135,37.82366666666667,6,1440,1.0,True,17.302,2010,24,-0.034029263051012996,0.4871068823229304,1.1643449320842045,35.071960077337316,0.950625
2010-01-25,1136,32.17516666666667,0,1440,1.0,True,17.959,2010,25,0.23974603761660518,0.5898884855914307,1.1586235644947738,29.815037586165705,0.95125
2010-01-26,1137,34.459399999999995,1,1440,1.0,True,17.164,2010,26,0.3792324739190002,0.6399031104527786,1.1347071360354313,31.46618854347262,0.945625
2010-01-27,1138,46.015033333333335,2,1440,1.0,True,26.601,2010,27,2.37169422282406,0.9706687865790762,0.5819724711152958,31.68080953880575,0.9325
2010-01-28,1139,35.170566666666666,3,1440,1.0,True,17.523,2010,28,0.15323700339276514,0.5576898206509648,1.185689833520446,28.943160596890642,0.96
2010-01-29,1140,34.88316666666666,4,1440,1.0,True,20.4,2010,29,0.36755601062254833,0.6358131860306117,1.1435634680930524,30.48579529095,0.97125
2010-01-30,1141,47.3788,5,1440,1.0,True,28.675,2010,30,1.9218434872426926,0.9463488438156249,0.7010023383994121,35.01059084589831,0.98
2010-01-31,1142,29.9866,6,1440,1.0,True,15.664,2010,31,-1.6308035284534614,0.07961600589243253,0.8098549311980605,34.44948871334817,0.989375
2010-02-01,1143,28.229633333333332,0,1440,1.0,True,16.101,2010,32,0.1281879528257521,0.5484268157424556,1.1524450329132379,29.191696465062254,0.975625
2010-02-02,1144,35.95719999999999,1,1440,1.0,True,21.918,2010,33,0.9824005630839819,0.8155913758551026,1.014907709667459,30.842481936143813,0.99
2010-02-03,1145,48.38356666666667,2,1440,1.0,True,31.787,2010,34,2.7657690256786913,0.9824584239346918,0.4999173621623777,31.057227857472977,0.9925
2010-02-04,1146,38.6045,3,1440,1.0,True,25.349,2010,35,0.67979005370888,0.736318516278757,1.095874707136536,28.320179886341265,0.984375
2010-02-05,1147,34.98153333333333,4,1440,1.0,True,19.384,2010,36,0.22457376600169773,0.584246516295298,1.1333437040029093,29.863876741013854,0.96625
2010-02-06,1148,45.216433333333335,5,1440,1.0,True,24.39,2010,37,1.5971639355698528,0.9168134706350594,0.7875357128400355,34.39018032572123,0.961875
2010-02-07,1149,27.095133333333333,6,1440,1.0,True,12.119,2010,38,-1.934770966528029,0.05276855294814136,0.7018915684707463,33.83101632798987,0.939375
2010-02-08,1150,43.037299999999995,0,1440,1.0,True,21.356,2010,39,3.0455376082609176,0.9876762295084263,0.46060904425452465,28.575576134918272,0.94125
2010-02-09,1151,40.348866666666666,1,1440,1.0,True,21.393,2010,40,0.8450258042338237,0.7818891879338996,1.0409049302432687,30.229110999667576,0.965625
2010-02-10,1152,32.40903333333333,2,1439,0.9993055555555556,True,16.409,2010,41,-0.3240612427284803,0.37977828294462007,1.1286438631056808,30.44698669763565,0.953125
2010-02-11,1153,22.82946666666667,3,1440,1.0,True,10.246,2010,42,-1.0085309594659637,0.17847763132748146,0.9939493439532816,27.713431581246255,0.920625
2010-02-12,1154,31.549966666666663,4,1440,1.0,True,16.764,2010,43,0.7350757741985512,0.7528340730947677,1.0838911798456683,29.26096673905221,0.884375
2010-02-13,1155,39.1926,5,1440,1.0,True,25.84,2010,44,0.8145032547660805,0.7743216403106732,1.0475275527173653,33.79143614561521,0.8675
2010-02-14,1156,28.111633333333337,6,1439,0.9993055555555556,True,14.731,2010,45,-1.2820313880448777,0.12623130989904102,0.9225758423143998,33.236747284053536,0.800625
2010-02-15,1157,34.9522,0,1440,1.0,True,19.865,2010,46,1.5939376522531734,0.9164959651590999,0.8215355464513414,27.98607308782768,0.9125
2010-02-16,1158,29.9626,1,1440,1.0,True,15.082,2010,47,-0.40912104617586187,0.3497612640267487,1.1514665642217734,29.644646132994094,0.821875
2010-02-17,1159,34.242666666666665,2,1440,1.0,True,19.031,2010,48,0.7660511919322245,0.76126616142057,1.0860786909796298,29.867813320377774,0.716875
2010-02-18,1160,29.3526,3,1440,1.0,True,16.234,2010,49,0.10186905985806784,0.538541926932803,1.1912082936707884,27.139783956558755,0.728125
2010-02-19,1161,32.559533333333334,4,1440,1.0,True,17.064,2010,50,0.5419050605541159,0.6946248198027427,1.1440649833180943,28.69305993932683,0.80125
2010-02-20,1162,33.062133333333335,5,1440,1.0,True,18.6,2010,51,-0.2893961121573347,0.39206687582668887,1.1560828795703129,33.229465934057885,0.826875
2010-02-21,1163,45.6719,6,1440,1.0,True,31.13,2010,52,2.339059051691953,0.9694093766568543,0.5974991248873994,32.68089002285014,0.769375
2010-02-22,1164,24.56726666666667,0,1440,1.0,True,13.719,2010,53,-1.3842254559436358,0.11057618482536839,0.8864639040583279,27.43648567296785,0.651875
2010-02-23,1165,24.354666666666667,1,1440,1.0,True,11.807,2010,54,-0.6571420545876474,0.2697636686204058,1.1035295102419331,29.10146595578774,0.50875
2010-02-24,1166,31.904633333333333,2,1440,1.0,True,18.257,2010,55,0.7830064679060907,0.7658313169348095,1.0581025069043972,29.331158255667454,0.353125
2010-02-25,1167,31.33673333333333,3,1440,1.0,True,15.594,2010,56,0.6735127857441499,0.7351537496958137,1.066618678246159,26.609752377592947,0.204375
2010-02-26,1168,35.33593333333333,4,1440,1.0,True,18.421,2010,57,0.9648840676721349,0.8116673812744409,1.0245028793858364,28.1697307592382,0.1025
2010-02-27,1169,29.4176,5,1440,1.0,True,18.542,2010,58,-1.0713201998227035,0.16531231621165254,0.9814935906045139,32.712898673840414,0.0625
2010-02-28,1170,11.8611,6,1440,1.0,True,3.439,2010,59,-3.420432191418927,0.007829132105356311,0.3908858706220053,32.17112490571714,0.024375
2010-03-01,1171,21.645466666666668,0,1440,1.0,True,9.371,2010,60,0.4161354901204332,0.6519211903703819,1.1428613827424123,26.93354374492167,0.006875
2010-03-02,1172,12.781766666666668,1,1440,1.0,True,4.029,2010,61,-2.4803411537560938,0.025382110634771672,0.5721036287513561,28.605349232214564,0.028125
2010-03-03,1173,15.597233333333332,2,1440,1.0,True,7.646,2010,62,-1.3093333690414437,0.12247011174210265,0.8972296188119799,28.84184989372885,0.03625
2010-03-04,1174,11.381333333333334,3,1440,1.0,True,3.364,2010,63,-1.7559242795553096,0.06732165434052956,0.7672384344553574,26.12721687415848,0.035
2010-03-05,1175,18.895433333333337,4,1440,1.0,True,7.377,2010,64,-0.5905245063610528,0.29050245367546834,1.1079842220479623,27.693914174073086,0.039375
2010-03-06,1176,13.2452,5,1440,1.0,True,4.389,2010,65,-2.8151883719597426,0.016492245539153145,0.49068924044724554,32.24372887773166,0.030625
2010-03-07,1177,22.874533333333332,6,1440,1.0,True,8.353,2010,66,-0.3097593888322753,0.3853434774027697,1.1636494709318503,31.70851185318424,0.045625
2010-03-08,1178,42.6183,0,1440,1.0,True,27.83,2010,67,3.487768138926987,0.9927579127438917,0.3784783441151376,26.477379771137052,0.084375
2010-03-09,1179,29.3352,1,1440,1.0,True,12.136,2010,68,-0.869691960631997,0.2118872817376024,1.0473571522207932,28.155509373725742,0.121875
2010-03-10,1180,30.3772,2,1440,1.0,True,16.458,2010,69,0.2791771117015709,0.6042395611618594,1.1556254367623477,28.398192232543515,0.209375
2010-03-11,1181,32.518166666666666,3,1440,1.0,True,18.097,2010,70,1.0903977882298534,0.838846995229343,0.9645455923001282,25.689582904726482,0.35625
2010-03-12,1182,27.423733333333335,4,1440,1.0,True,16.178,2010,71,-0.431433580066224,0.3419960616762707,1.1371487551392057,27.262129192673086,0.508125
2010-03-13,1183,39.71683333333333,5,1440,1.0,True,26.355,2010,72,1.4055262998481368,0.892668742625003,0.8389132830756716,31.817602393738348,0.595
2010-03-14,1184,26.1119,6,1440,1.0,True,11.483,2010,73,-1.458184800823108,0.10017163189667956,0.8384229751233943,31.287838021671433,0.753125
2010-03-15,1185,29.864166666666662,0,1440,1.0,True,16.267,2010,74,1.03072656404366,0.82620068419489,0.969342091998551,26.061937846243065,0.81625
2010-03-16,1186,25.710833333333333,1,1440,1.0,True,10.54,2010,75,-0.6179994706681892,0.2815611711527372,1.1282150810444727,27.745064182174442,0.684375
2010-03-17,1187,33.485499999999995,2,1440,1.0,True,20.092,2010,76,1.1248080630464496,0.8455529136715988,0.9736434146598912,27.99249466670759,0.699375
2010-03-18,1188,26.0447,3,1440,1.0,True,12.562,2010,77,-0.23368418420127385,0.4123039042238957,1.1618494946986901,25.28837043457808,0.729375
2010-03-19,1189,27.723066666666668,4,1440,1.0,True,13.187,2010,78,0.10084269552430229,0.5381832651047869,1.1805633464921266,26.86512639595213,0.68875
2010-03-20,1190,,5,232,0.1611111111111111,False,0.994,2010,79,,,1.0222227498190477,31.42452150364617,0.69625
2010-03-21,1191,,6,621,0.43125,False,8.157,2010,80,,,1.0154856987227685,30.89837949137507,0.605
2010-03-22,1192,26.9765,0,1440,1.0,True,15.558,2010,81,,,1.1381752790370956,25.675790929453093,0.638125
2010-03-23,1193,30.369366666666668,1,1440,1.0,True,17.152,2010,82,0.45367566174114415,0.6655413121813281,1.1300688150385394,27.36190752904662,0.6275
2010-03-24,1194,33.245866666666664,2,1440,1.0,True,19.724,2010,83,0.8119752456890427,0.7737702671317792,1.0598517462331802,27.61199693428485,0.69
2010-03-25,1195,27.998066666666663,3,1440,1.0,True,14.408,2010,84,0.1749200729849058,0.5659548992116948,1.179199040005915,24.910190910992785,0.683125
2010-03-26,1196,27.521400000000003,4,1440,1.0,True,14.307,2010,85,-0.024165654385064492,0.4908216173910935,1.1840630645956844,26.488915637571488,0.72
2010-03-27,1197,30.7995,5,1440,1.0,True,16.63,2010,86,-0.11355190924716185,0.45706291258152504,1.1635626673605293,31.049921984342607,0.72125
2010-03-28,1198,29.970233333333333,6,1440,1.0,True,16.096,2010,87,-0.08291993638153736,0.46862709530635654,1.1819453492155299,30.525026263075514,0.7325
2010-03-29,1199,27.045633333333335,0,1440,1.0,True,16.056,2010,88,0.3516954566631389,0.6302795022140766,1.161555904764682,25.303312293122712,0.72125
2010-03-30,1200,31.77423333333333,1,1440,1.0,True,16.096,2010,89,0.7426481475633367,0.7550492759522472,1.0544361181976274,26.989925715232044,0.658125
2010-03-31,1201,32.06336666666667,2,1440,1.0,True,19.421,2010,90,0.5475506792555199,0.6963333988037198,1.1364438717905432,27.24012879234835,0.6825
2010-04-01,1202,28.124,3,1440,1.0,True,16.69,2010,91,0.3186522833361578,0.6185592991170634,1.1678648254089057,24.538048606140336,0.634375
2010-04-02,1203,27.477033333333335,4,1440,1.0,True,13.557,2010,92,0.0013647775801100624,0.5005092324816915,1.19165858597029,26.11610735478281,0.63125
2010-04-03,1204,30.087966666666667,5,1440,1.0,True,20.12,2010,93,-0.19605282213583067,0.42623114097154363,1.1609824231546373,30.676052638292862,0.568125
2010-04-04,1205,28.173133333333332,6,1440,1.0,True,14.615,2010,94,-0.31507912899023255,0.3828216824173098,1.158419196596369,30.149698213138745,0.47875
2010-04-05,1206,18.647,0,1440,1.0,True,8.694,2010,95,-0.9907873902905713,0.18247561218090727,0.9990072153834626,24.926126062528365,0.460625
2010-04-06,1207,30.430866666666667,1,1440,1.0,True,14.243,2010,96,1.1079743882858832,0.8423442904484957,0.9597912938566878,26.61048071346022,0.426875
2010-04-07,1208,26.616366666666668,2,1440,1.0,True,15.879,2010,97,-0.2956753919286274,0.3897549994070345,1.165251153819263,26.85802403982369,0.370625
2010-04-08,1209,27.487,3,1440,1.0,True,14.136,2010,98,0.6132864693020981,0.7171219691285868,1.1006436975160614,24.152883460296284,0.32375
2010-04-09,1210,20.555833333333332,4,1440,1.0,True,12.249,2010,99,-1.1527342942804433,0.14881499433935338,0.946632182856556,25.727482236561066,0.3625
2010-04-10,1211,19.8368,5,1440,1.0,True,10.937,2010,100,-1.5250778819258732,0.0916046914035317,0.8253353223507293,30.283569758143493,0.355625
2010-04-11,1212,26.7135,6,1439,0.9993055555555556,True,14.903,2010,101,0.1557098574398292,0.5586818635309819,1.1615439027687535,29.752962295580573,0.3325
2010-04-12,1213,23.990433333333332,0,1440,1.0,True,13.22,2010,102,0.1103058969767127,0.5417456900601144,1.159637458329089,24.524745068343343,0.305
2010-04-13,1214,25.21173333333333,1,1440,1.0,True,14.776,2010,103,-0.1401124428002086,0.44704777211605856,1.1935950619471258,26.204066558585186,0.40375
2010-04-14,1215,27.672733333333333,2,1440,1.0,True,16.197,2010,104,0.2903248926991498,0.6083601222695402,1.1406264284835197,26.446193310013705,0.40625
2010-04-15,1216,31.20296666666667,3,1440,1.0,True,18.851,2010,105,1.2557475658487958,0.8696230047920586,0.9187009166087955,23.735258120636935,0.40875
2010-04-16,1217,26.034366666666664,4,1440,1.0,True,16.052,2010,106,-0.3720173043783121,0.36252613448740656,1.132798754936084,25.303690334915242,0.395
2010-04-17,1218,25.961866666666666,5,1440,1.0,True,16.248,2010,107,-0.7459487797280028,0.24415673874592092,1.0700369838182815,29.853246121619225,0.399375
2010-04-18,1219,24.601766666666663,6,1440,1.0,True,14.272,2010,108,-0.5842469069300482,0.29211159050476404,1.1176381432451308,29.315749219122168,0.451875
2010-04-19,1220,28.476566666666667,0,1440,1.0,True,18.959,2010,109,1.1064126915244632,0.8420480297531846,0.9789800621196627,24.08029299455313,0.45375
2010-04-20,1221,30.560466666666667,1,1440,1.0,True,18.775,2010,110,0.5689031531947176,0.7032506303278209,1.1073598274309189,25.75203474789252,0.40125
2010-04-21,1222,26.3319,2,1440,1.0,True,13.537,2010,111,-0.25677388367389037,0.4038502215793105,1.176079794083489,25.986250500323184,0.37125
2010-04-22,1223,24.3484,3,1440,1.0,True,14.207,2010,112,0.16994325538362307,0.5641404529907489,1.136898549972102,23.267083175598998,0.275
2010-04-23,1224,19.6756,4,1440,1.0,True,11.604,2010,113,-0.9981160489254731,0.18063578791509158,1.0085758910514415,24.826972879971287,0.175
2010-04-24,1225,25.306966666666664,5,1440,1.0,True,14.151,2010,114,-0.38184390634636656,0.3592408517475165,1.139035460470477,29.36768716699431,0.140625
2010-04-25,1226,25.712366666666664,6,1440,1.0,True,9.945,2010,115,-0.2852428314219414,0.3935686496644276,1.1555203780531884,28.821061768953903,0.133125
2010-04-26,1227,18.045266666666667,0,1440,1.0,True,9.133,2010,116,-0.7809157689385343,0.23440406264941693,1.0389671044819988,23.576202641352104,0.2125
2010-04-27,1228,20.849,1,1440,1.0,True,9.084,2010,117,-0.41407012908350604,0.3479466290807135,1.149443154912442,25.23828025156266,0.1875
2010-04-28,1229,14.4643,2,1440,1.0,True,6.613,2010,118,-1.6734159967841487,0.07493676071447443,0.8027022481476888,25.462584350974357,0.1625
2010-04-29,1230,18.3954,3,1440,1.0,True,8.793,2010,119,-0.040687133899364264,0.4846121044291843,1.174789790296927,22.73327213941285,0.198125
2010-04-30,1231,18.6438,4,1440,1.0,True,10.323,2010,120,-0.7221675537288554,0.250631710840202,1.1030569020844996,24.282798527397244,0.176875
2010-05-01,1232,22.002633333333332,5,1440,1.0,True,13.62,2010,121,-0.8421856326449683,0.21842085311632378,1.0426684678345919,28.812946382576452,0.23375
2010-05-02,1233,36.46516666666666,6,1440,1.0,True,24.278,2010,122,1.9279075854578205,0.9468324784353587,0.7298459238139913,28.255567242108665,0.250625
2010-05-03,1234,23.5217,0,1440,1.0,True,13.339,2010,123,-0.45531157327714306,0.33395362472082674,1.1518479259638115,22.999783337442516,0.268125
2010-05-04,1235,25.282666666666668,1,1440,1.0,True,13.025,2010,124,0.07979236465917722,0.5302492296009713,1.1661672760685906,24.650781862634084,0.345625
2010-05-05,1236,30.088466666666665,2,1440,1.0,True,17.346,2010,125,0.8976305573299429,0.7957767831840011,1.0180398387112655,24.86386972554892,0.4025
2010-05-06,1237,21.654166666666665,3,1440,1.0,True,10.581,2010,126,-0.4356106644085568,0.3405432189561395,1.112303483984433,22.12322169075506,0.603125
2010-05-07,1238,27.400066666666664,4,1440,1.0,True,14.987,2010,127,0.6991236751969109,0.7428144884692525,1.0564664081810042,23.66131061969735,0.678125
2010-05-08,1239,25.557033333333333,5,1440,1.0,True,16.162,2010,128,-0.72084694522884,0.25118680549161326,1.0687669347133488,28.179937694519893,0.7725
2010-05-09,1240,26.1085,6,1440,1.0,True,15.469,2010,129,-0.09417591121806947,0.4643717003510384,1.1540511257806794,27.61097310732876,0.85375
2010-05-10,1241,24.46486666666667,0,1440,1.0,True,13.296,2010,130,0.4826303881728837,0.6753262589905422,1.1572067532711663,22.34355806138149,0.850625
2010-05-11,1242,26.189466666666664,1,1440,1.0,True,12.919,2010,131,0.254527535475156,0.5954120987620911,1.18456239040941,23.982899015367547,0.88375
2010-05-12,1243,33.923633333333335,2,1440,1.0,True,21.832,2010,132,1.6010369587587243,0.9174673131430956,0.8239707999420353,24.184322410151605,0.884375
2010-05-13,1244,25.874933333333335,3,1439,0.9993055555555556,True,14.127,2010,133,0.14178192472901763,0.5535340250919664,1.1875111483037473,21.432022786824025,0.8525
2010-05-14,1245,28.70243333333333,4,1440,1.0,True,18.143,2010,134,0.7288001031603908,0.7512444914324883,1.0777279927930794,22.958493001671606,0.85
2010-05-15,1246,32.412866666666666,5,1440,1.0,True,17.353,2010,135,0.5013798708244456,0.6813433832454162,1.1199935238668695,27.465554424469566,0.82
2010-05-16,1247,35.0071,6,1440,1.0,True,19.171,2010,136,1.1229836683741592,0.8452564722152089,0.959408811358735,26.885097601916232,0.884375
2010-05-17,1248,27.136366666666667,0,1440,1.0,True,16.725,2010,137,0.4477752813242507,0.6635168905636804,1.1272901512659155,21.606284232730008,0.883125
2010-05-18,1249,23.6864,1,1440,1.0,True,12.047,2010,138,-0.2889420390686727,0.3921081716465523,1.1445823271246627,23.234341385597993,0.888125
2010-05-19,1250,23.7792,2,1440,1.0,True,12.645,2010,139,0.03614150475150228,0.5137201401688388,1.1598940265364945,23.424616199391956,0.861875
2010-05-20,1251,19.23163333333333,3,1440,1.0,True,10.47,2010,140,-0.2817135057456759,0.39470049742231217,1.139705204614438,20.66132397451538,0.79375
2010-05-21,1252,21.573266666666665,4,1440,1.0,True,11.567,2010,141,-0.015449951299526341,0.4941330115218763,1.1507637203717604,22.17697836103522,0.7825
2010-05-22,1253,34.92953333333333,5,1440,1.0,True,22.173,2010,142,1.519977916105729,0.9079152769937449,0.8247013440728188,26.673421530025877,0.75
2010-05-23,1254,24.7926,6,1440,1.0,True,10.821,2010,143,-0.7864636417235544,0.23312641188336844,1.047544360649772,26.082564809988074,0.7775
2010-05-24,1255,22.355533333333337,0,1440,1.0,True,12.088,2010,144,0.3674726503250016,0.6359437489290906,1.1319190050312318,20.79359063488281,0.726875
2010-05-25,1256,19.9771,1,1440,1.0,True,11.364,2010,145,-0.5405652337958905,0.3056818795114949,1.0805181746697052,22.411746735016806,0.699375
2010-05-26,1257,23.1314,2,1440,1.0,True,13.944,2010,146,0.26249145024635917,0.5983058292241574,1.1747778443992138,22.59240081021225,0.69375
2010-05-27,1258,22.0557,3,1440,1.0,True,12.044,2010,147,0.36264951967561765,0.6342301130524085,1.1398993191635236,19.819788594172262,0.6375
2010-05-28,1259,23.302733333333332,4,1440,1.0,True,13.049,2010,148,0.20079015004983294,0.5756268549449739,1.1604418144887314,21.32644401571766,0.6925
2010-05-29,1260,34.163466666666665,5,1440,1.0,True,21.092,2010,149,1.363245699611324,0.8866266166637641,0.880137862295378,25.814229343362346,0.73375
2010-05-30,1261,27.761666666666667,6,1440,1.0,True,15.089,2010,150,-0.10534421641292038,0.46017325209519977,1.198619694369845,25.21507579511636,0.74
2010-05-31,1262,22.341033333333332,0,1440,1.0,True,14.342,2010,151,0.26407397877989214,0.5988992263191831,1.1270269609265962,19.918185460094705,0.785625
2010-06-01,1263,21.1494,1,1440,1.0,True,13.228,2010,152,-0.2302716262530511,0.41347843958096137,1.1587203576974572,21.528825463196156,0.75875
2010-06-02,1264,16.348300000000002,2,1440,1.0,True,9.11,2010,153,-0.932121984376561,0.19588519353729617,1.028096312941052,21.70238261232044,0.80125
2010-06-03,1265,23.23643333333333,3,1440,1.0,True,15.671,2010,154,1.1299707864622306,0.8467240632339107,0.9488028654828667,18.92311143706463,0.834375
2010-06-04,1266,23.6759,4,1440,1.0,True,14.609,2010,155,0.289800773486822,0.6082285502158654,1.1554595159809105,20.423564324604687,0.829375
2010-06-05,1267,33.49406666666667,5,1440,1.0,True,24.408,2010,156,1.3201489939098356,0.8800223705226113,0.8905176927102729,24.905621639264698,0.84125
2010-06-06,1268,29.1132,6,1440,1.0,True,19.548,2010,157,0.28431355513039597,0.6060969093800196,1.1737567587476223,24.301232307687027,0.845
2010-06-07,1269,16.868033333333333,0,1440,1.0,True,9.046,2010,158,-0.7046832449910703,0.2556278856794946,1.0507677968544886,18.999615716218614,0.8625
2010-06-08,1270,22.700566666666667,1,1440,1.0,True,13.708,2010,159,0.5183255145316409,0.6871450316343626,1.1638835486979224,20.606055851801553,0.85625
2010-06-09,1271,25.578033333333337,2,1440,1.0,True,15.298,2010,160,0.7221070920564131,0.749324419398249,1.0995695195300506,20.775955925869894,0.866875
2010-06-10,1272,20.25316666666667,3,1440,1.0,True,11.344,2010,161,0.08016660967783118,0.5303706145496502,1.179164250427857,17.993586390216645,0.9275
2010-06-11,1273,24.5112,4,1440,1.0,True,15.635,2010,162,0.743990889886552,0.7555400224418303,1.0554207608057187,19.49151505057346,0.91125
2010-06-12,1274,32.885133333333336,5,1439,0.9993055555555556,True,22.546,2010,163,1.2594796641953474,0.8701266078668429,0.9244402794959024,23.971637164422184,0.910625
2010-06-13,1275,27.905933333333333,6,1440,1.0,True,16.534,2010,164,0.21337709005318406,0.5801597766189402,1.1744636802654713,23.365916004989742,0.87875
2010-06-14,1276,20.299733333333332,0,1440,1.0,True,11.767,2010,165,0.09612389582457706,0.5364139628158187,1.17466410249006,18.06358473805673,0.884375
2010-06-15,1277,20.39943333333333,1,1440,1.0,True,10.632,2010,166,-0.01973043322893997,0.4925167855451978,1.1600979727040976,19.669940542903525,0.93
2010-06-16,1278,29.468200000000003,2,1440,1.0,True,17.21,2010,167,1.678338356365797,0.9256273484859121,0.7987563153542578,19.840399216911923,0.94
2010-06-17,1279,17.133633333333332,3,1440,1.0,True,8.998,2010,168,-0.6356292688981192,0.27621572725172727,1.0957186166755855,17.059243172816473,0.9375
2010-06-18,1280,22.205266666666667,4,1440,1.0,True,13.408,2010,169,0.643993979266003,0.7265268711206647,1.0978469236963428,18.559051534365466,0.94
2010-06-19,1281,23.603666666666665,5,1440,1.0,True,13.742,2010,170,-0.1458367522630345,0.4449119303165958,1.1728036390058696,23.041730216942145,0.926875
2010-06-20,1282,27.875833333333333,6,1440,1.0,True,17.553,2010,171,0.9339437435716108,0.8044767470135763,1.01101438957965,22.439252475104926,0.865625
2010-06-21,1283,27.681500000000003,0,1440,1.0,True,18.528,2010,172,1.5242562128161732,0.9084963150780598,0.8334366390295327,17.14086076371559,0.836875
2010-06-22,1284,25.343133333333338,1,1440,1.0,True,16.374,2010,173,0.47361073391853237,0.6721612624772442,1.1445165418135002,18.751860843979657,0.86625
2010-06-23,1285,24.0344,2,1440,1.0,True,17.428,2010,174,0.474338888595258,0.6724629949956105,1.1369302550936118,18.92767637395353,0.878125
2010-06-24,1286,18.263,3,1440,1.0,True,9.946,2010,175,0.03225953606999656,0.5122266519785419,1.1854065981553867,16.15259689251684,0.85125
2010-06-25,1287,18.323966666666667,4,1440,1.0,True,11.155,2010,176,-0.02737727209448416,0.48960935147015605,1.2041644042287953,17.659207902596435,0.890625
2010-06-26,1288,16.360333333333333,5,1440,1.0,True,10.081,2010,177,-1.0846517027010978,0.16232807493435777,0.9757527183042839,22.149420940200862,0.884375
2010-06-27,1289,18.9994,6,1440,1.0,True,11.119,2010,178,-0.07306377472048094,0.47235215963444327,1.1874316755170002,21.55521411124602,0.87125
2010-06-28,1290,24.522333333333332,0,1440,1.0,True,13.325,2010,179,1.6506022529356086,0.9228038634032409,0.8049364551529288,16.265833942848506,0.869375
2010-06-29,1291,22.78826666666667,1,1439,0.9993055555555556,True,11.987,2010,180,0.3236309437119629,0.6203405363782608,1.1681523633096367,17.88658948042935,0.8275
2010-06-30,1292,23.068933333333337,2,1440,1.0,True,6.418,2010,181,0.5675121099874398,0.7027902966440378,1.0873575628676917,18.072906870189264,0.775
2010-07-01,1293,22.483366666666665,3,1440,1.0,True,9.236,2010,182,0.9471080711722272,0.8075739192880097,1.005325214425102,15.309077335970077,0.718125
2010-07-02,1294,19.01546666666667,4,1440,1.0,True,8.091,2010,183,-0.09435684094654767,0.46426577902689514,1.1889768221485428,16.827687256293384,0.76
2010-07-03,1295,18.6679,5,1440,1.0,True,7.119,2010,184,-0.6266977794120283,0.2788549194534909,1.0886623943317681,21.330648228146973,0.763125
2010-07-04,1296,25.6348,6,1440,1.0,True,8.261,2010,185,1.0507229102958737,0.8306321599188813,0.9888039281708189,20.749937599505873,0.79625
2010-07-05,1297,18.5665,0,1440,1.0,True,8.591,2010,186,0.22537077858860888,0.5846800100675003,1.1680947146238758,15.474800317272125,0.811875
2010-07-06,1298,16.765566666666665,1,1440,1.0,True,9.222,2010,187,-0.2706940658066526,0.3986906071007876,1.1273447090107949,17.110543021979467,0.78
2010-07-07,1299,13.913133333333333,2,1440,1.0,True,7.401,2010,188,-0.5857639654032825,0.2914713137896211,1.1196723123942502,17.312588628828912,0.795
2010-07-08,1300,20.210866666666668,3,1440,1.0,True,10.666,2010,189,1.2359917247748116,0.8661942849578314,0.925357151364442,14.565224304074482,0.8025
2010-07-09,1301,18.05796666666667,4,1440,1.0,True,5.981,2010,190,-0.03344949136186137,0.487312419205625,1.1840928426664323,16.101031542548547,0.835625
2010-07-10,1302,19.241733333333332,5,1440,1.0,True,11.068,2010,191,-0.3815484349838376,0.35923446566066664,1.1104506090050563,20.621916232901683,0.815
2010-07-11,1303,19.89286666666667,6,1440,1.0,True,9.223,2010,192,0.05887408984881317,0.5223351869539593,1.1721885726973413,20.059849192540057,0.778125
2010-07-12,1304,18.4929,0,1440,1.0,True,8.814,2010,193,0.6710608378343317,0.7345325981219583,1.097035266867606,14.804068018947234,0.69125
2010-07-13,1305,23.035233333333338,1,1440,1.0,True,12.993,2010,194,0.9295534025274138,0.803559670517633,1.0272770929243416,16.45987118872746,0.66
2010-07-14,1306,23.4912,2,1440,1.0,True,9.237,2010,195,0.7796679393143097,0.7651615693775026,1.0740077439090236,16.68267264393979,0.65625
2010-07-15,1307,27.219366666666662,3,1439,0.9993055555555556,True,11.453,2010,196,1.9164426035663196,0.9460529757398503,0.7170022849459201,13.956749774732977,0.6975
2010-07-16,1308,13.6676,4,1440,1.0,True,4.422,2010,197,-1.2264770699805385,0.13571079824774204,0.931512081748806,15.514673504062756,0.698125
2010-07-17,1309,13.4392,5,1440,1.0,True,6.635,2010,198,-1.0656742011984657,0.16631192267386447,0.969599095529411,20.058338361065662,0.72625
2010-07-18,1310,13.533966666666666,6,1440,1.0,True,4.441,2010,199,-0.6329185626718179,0.27715095473369167,1.0841321773454546,19.519703025058494,0.700625
2010-07-19,1311,13.352633333333332,0,1440,1.0,True,6.654,2010,200,0.23230523928982613,0.5871861631298176,1.1551639477955178,14.287992186841144,0.70625
2010-07-20,1312,14.263733333333333,1,1440,1.0,True,5.737,2010,201,-0.2446737546272076,0.4082060714592883,1.1695292950654403,15.96849065863384,0.674375
2010-07-21,1313,17.7361,2,1440,1.0,True,8.793,2010,202,0.38686498101218303,0.6426252912447545,1.1253480945387855,16.21659797220113,0.62375
2010-07-22,1314,19.407433333333337,3,1440,1.0,True,7.755,2010,203,0.9496637884788097,0.8081914485806417,1.023432884705253,13.516576374161783,0.533125
2010-07-23,1315,19.602633333333333,4,1440,1.0,True,11.298,2010,204,0.4059589386228759,0.6492763859324212,1.1551710024056956,15.100980924256264,0.350625
2010-07-24,1316,15.361133333333331,5,1440,1.0,True,5.988,2010,205,-1.0778177265517355,0.1638018973381379,0.9626453252439388,19.671689583124277,0.31625
2010-07-25,1317,18.84016666666667,6,1440,1.0,True,11.281,2010,206,0.2276689103638282,0.5854910875985828,1.1894345598062501,19.16064377155115,0.285
2010-07-26,1318,14.735833333333334,0,1440,1.0,True,6.393,2010,207,0.15947313498312682,0.5602066695094867,1.1700047718081623,13.957050247841098,0.260625
2010-07-27,1319,15.872666666666667,1,1440,1.0,True,5.472,2010,208,-0.017122042174635338,0.4935138039686025,1.1922638375894166,15.666175234633702,0.235
2010-07-28,1320,14.377566666666668,2,1440,1.0,True,8.577,2010,209,-0.2944669283912918,0.3901830182323006,1.1494384398683906,15.943399034692867,0.209375
2010-07-29,1321,9.151733333333334,3,1440,1.0,True,4.695,2010,210,-0.6381572668460193,0.2754045797137314,1.0889400982251392,13.2729640446513,0.15875
2010-07-30,1322,9.187666666666669,4,1440,1.0,True,4.621,2010,211,-0.7511401048234154,0.2426114875219857,1.0622002468304708,14.88740487246129,0.103125
2010-07-31,1323,9.2436,5,1440,1.0,True,4.82,2010,212,-1.4573225300065562,0.10024849185857945,0.8505498159304261,19.4885784450798,0.06
2010-08-01,1324,9.261066666666666,6,1440,1.0,True,4.821,2010,213,-1.0640958931500364,0.16699117284600754,0.984513426576741,19.008404588329444,0.04375
2010-08-02,1325,9.158033333333332,0,1440,1.0,True,4.727,2010,214,-0.18635003912289277,0.4299189466867512,1.188436634223908,13.8360679255648,0.031875
2010-08-03,1326,10.253533333333332,1,1440,1.0,True,4.623,2010,215,-0.6423203471499079,0.27411517604170516,1.0854533750424162,15.576812026440159,0.023125
2010-08-04,1327,9.055933333333334,2,1440,1.0,True,4.648,2010,216,-0.8671599615051742,0.21208716889350968,1.0487961535621435,15.885994045282072,0.013125
2010-08-05,1328,8.891266666666667,3,1440,1.0,True,4.53,2010,217,-0.32718657179854416,0.3785240268959017,1.1590162410913036,13.247832758024751,0.01
2010-08-06,1329,8.745766666666666,4,1440,1.0,True,4.454,2010,218,-0.8158554634489884,0.22512183947906952,1.0532136991340666,14.894838703430194,0.01125
2010-08-07,1330,8.791266666666667,5,1440,1.0,True,4.488,2010,219,-1.5154273072303368,0.09280651352647039,0.8426850915653631,19.52884431509954,0.01
2010-08-08,1331,8.807666666666668,6,1440,1.0,True,4.484,2010,220,-1.1254072119536354,0.15464629387764334,0.9602263692999259,19.081744526182366,0.00875
2010-08-09,1332,8.917733333333333,0,1440,1.0,True,4.557,2010,221,-0.21312802379646523,0.42003369843588473,1.161209288239479,13.942698693393652,0.011875
2010-08-10,1333,9.0793,1,1440,1.0,True,4.666,2010,222,-0.8545649219460594,0.21510172234691424,1.0561990297329613,15.716924771597457,0.025625
2010-08-11,1334,9.033366666666666,2,1440,1.0,True,4.66,2010,223,-0.814086732213068,0.22583556531078075,1.0480356279900298,16.05975397843754,0.025625
2010-08-12,1335,8.8283,3,1440,1.0,True,4.496,2010,224,-0.36239732640753475,0.3660727162103353,1.1379327860474586,13.45537885793833,0.0225
2010-08-13,1336,8.9049,4,1440,1.0,True,4.605,2010,225,-0.812342694086663,0.2260659261208168,1.073454112377949,15.13628344877263,0.026875
2010-08-14,1337,9.237833333333333,5,1440,1.0,True,4.983,2010,226,-1.479095923675129,0.09742615377932737,0.8465156433265656,19.804273443667174,0.03
2010-08-15,1338,17.599766666666667,6,1440,1.0,True,9.643,2010,227,0.38382706049386817,0.6413634496440196,1.1405728179425934,19.39121682182315,
2010-08-16,1339,18.828833333333332,0,1440,1.0,True,9.321,2010,228,0.9330648447170893,0.8042110961061819,1.0124894174421206,14.286245800932184,
2010-08-17,1340,,1,1262,0.8763888888888889,False,7.169,2010,229,,,0.998480495235417,16.094551040009655,
2010-08-18,1341,,2,0,0.0,False,0.0,2010,230,,,1.0147835598746315,16.47143633249799,
2010-08-19,1342,,3,0,0.0,False,0.0,2010,231,,,1.003324122368358,13.901066698529162,
2010-08-20,1343,,4,0,0.0,False,0.0,2010,232,,,1.000314697609283,15.615898582008604,
2010-08-21,1344,,5,0,0.0,False,0.0,2010,233,,,0.9867805033689365,20.317710038959305,
2010-08-22,1345,,6,152,0.1055555555555555,False,0.354,2010,234,,,1.009181972835213,19.9383413989741,
2010-08-23,1346,12.760966666666668,0,1440,1.0,True,6.671,2010,235,,,1.1077705523697658,14.866897246313622,
2010-08-24,1347,12.049133333333334,1,1440,1.0,True,6.253,2010,236,-0.6953712190973208,0.25842685055195,1.0848006449406966,16.708540651850466,
2010-08-25,1348,16.340133333333334,2,1440,1.0,True,10.45,2010,237,0.17361922869074678,0.565444467692684,1.1857783019170165,17.118547895269227,
2010-08-26,1349,12.620866666666666,3,1440,1.0,True,5.616,2010,238,-0.30302191222854263,0.3870897199220936,1.172720756432973,14.581056586382642,0.916875
2010-08-27,1350,33.844166666666666,4,1440,1.0,True,21.22,2010,239,3.2660379823201846,0.9906090207431467,0.4279665615200065,16.328495891192357,0.921875
2010-08-28,1351,24.0476,5,1440,1.0,True,15.618,2010,240,-0.6423885149390607,0.2747904242316388,1.0874740569433197,21.062616749098837,0.920625
2010-08-29,1352,27.808,6,1440,1.0,True,16.634,2010,241,1.0678412418173244,0.8341957356738514,0.9793133096070961,20.71523256307584,0.945625
2010-08-30,1353,24.913366666666665,0,1440,1.0,True,14.2,2010,242,1.1792871743239473,0.8559096647773247,0.9374327792739495,15.675421209313736,0.9375
2010-08-31,1354,22.751766666666665,1,1440,1.0,True,11.78,2010,243,0.31195537815248026,0.6160933397756787,1.1331987161829602,17.54831929749895,0.955625
2010-09-01,1355,26.5553,2,1440,1.0,True,17.131,2010,244,1.1873870202578092,0.8574786795087123,0.923353891915176,17.98917692110693,0.97375
2010-09-02,1356,23.2082,3,1440,1.0,True,13.214,2010,245,0.8067813759683883,0.7723944636601918,1.056786666130647,15.48210580653854,0.975625
2010-09-03,1357,22.44023333333333,4,1440,1.0,True,11.21,2010,246,0.40546087725517893,0.6490614997313482,1.1581340980203823,17.259509566691783,0.980625
2010-09-04,1358,29.064,5,1440,1.0,True,16.58,2010,247,0.9123942275663194,0.799207392568485,1.0171593463420867,22.0231139453456,0.969375
2010-09-05,1359,22.0503,6,1440,1.0,True,11.812,2010,248,-0.41339223102959516,0.34834219396174076,1.1256023198598997,21.704707534139082,0.96875
2010-09-06,1360,23.7146,0,1440,1.0,True,13.87,2010,249,1.2348479704230892,0.8659492751712332,0.9156710874149576,16.693343808618007,0.9625
2010-09-07,1361,24.197566666666667,1,1440,1.0,True,14.68,2010,250,0.532674813571091,0.6916362451827704,1.1270585553254933,18.5941354144884,0.941875
2010-09-08,1362,21.7302,2,1440,1.0,True,7.974,2010,251,0.10358547332780668,0.5392040335167194,1.190631135632284,19.0623089434213,0.935
2010-09-09,1363,20.645233333333337,3,1440,1.0,True,10.957,2010,252,0.5461811969050674,0.6960199688599746,1.119921464745421,16.58195310721083,0.875
2010-09-10,1364,22.135133333333332,4,1440,1.0,True,12.393,2010,253,0.394975020930033,0.6455088468087296,1.1537429400160908,18.38544901584904,0.86375
2010-09-11,1365,24.3885,5,1440,1.0,True,11.353,2010,254,-0.03578152411747437,0.4864488870638819,1.196651617558673,23.174500445868315,0.864375
2010-09-12,1366,26.8682,6,1440,1.0,True,12.776,2010,255,0.6306248977783693,0.7223261647189849,1.078393889158033,22.880874580697903,0.80125
2010-09-13,1367,17.938666666666666,0,1440,1.0,True,8.809,2010,256,-0.2596228233997214,0.4028485295049043,1.1503315488249064,17.893604069493936,0.735625
2010-09-14,1368,23.844633333333334,1,1440,1.0,True,14.849,2010,257,0.7183733584511727,0.7482997843179411,1.0841869190661237,19.817781335541675,0.753125
2010-09-15,1369,16.434900000000003,2,1440,1.0,True,6.916,2010,258,-0.9629341407620713,0.18887916656153236,0.9973298730282113,20.308613373561347,0.688125
2010-09-16,1370,22.328966666666663,3,1440,1.0,True,12.087,2010,259,1.0598294828948023,0.8325614554489946,0.9702129301871173,17.850169944683916,0.6825
2010-09-17,1371,24.96013333333333,4,1440,1.0,True,17.177,2010,260,0.6427327359256466,0.7260821441426373,1.0958530699450058,19.674813874646865,0.69125
2010-09-18,1372,20.7991,5,1440,1.0,True,13.515,2010,261,-1.0166371735999986,0.1768592283275802,0.9741818871058058,24.484231341526257,0.675
2010-09-19,1373,15.326666666666666,6,1440,1.0,True,6.463,2010,262,-1.3475714907502456,0.11589554103710054,0.8974649989209138,24.210172634741703,0.629375
2010-09-20,1374,28.0472,0,1440,1.0,True,17.351,2010,263,2.174487838055113,0.961854763652356,0.6629371284251101,19.241654231760194,0.543125
2010-09-21,1375,18.522933333333334,1,1440,1.0,True,8.648,2010,264,-1.067729240560922,0.16598040418602644,0.9747956285974942,21.18375312358638,0.555625
2010-09-22,1376,25.173233333333332,2,1440,1.0,True,15.407,2010,265,0.8045208775748091,0.7719161650645953,1.0640514722373338,21.691661628345276,0.503125
2010-09-23,1377,24.16436666666667,3,1440,1.0,True,13.778,2010,266,0.6449800118879568,0.7267236308161488,1.0786952103069052,19.249435601708353,0.644375
2010-09-24,1378,22.1332,4,1440,1.0,True,11.178,2010,267,-0.146489854941731,0.4446600220347915,1.133687553126365,21.089424749692455,0.588125
2010-09-25,1379,,5,236,0.1638888888888889,False,1.046,2010,268,,,0.9990385788073763,25.913302930134076,0.55625
2010-09-26,1380,,6,0,0.0,False,0.0,2010,269,,,0.9883156072930432,25.65280892455719,0.6775
2010-09-27,1381,,0,0,0.0,False,0.0,2010,270,,,1.0083053457527422,20.696948526847493,0.8125
2010-09-28,1382,,1,287,0.1993055555555555,False,2.027,2010,271,,,1.0038386339740828,22.650788879808538,0.804375
2010-09-29,1383,28.073766666666664,2,1440,1.0,True,15.274,2010,272,,,1.059088499925565,23.16951329888704,0.880625
2010-09-30,1384,20.804633333333335,3,1440,1.0,True,8.759,2010,273,-0.31904556600869294,0.38132950797973586,1.14040256541688,20.737169491813905,0.84875
2010-10-01,1385,25.080333333333332,4,1440,1.0,True,13.783,2010,274,0.4390295107126243,0.6606829308267723,1.1387673594010994,22.58609987967573,0.88
2010-10-02,1386,32.05423333333333,5,1440,1.0,True,18.245,2010,275,0.662960986773731,0.7320006675921316,1.109741681991145,27.41797190571162,0.8875
2010-10-03,1387,30.5114,6,1440,1.0,True,15.302,2010,276,0.28731557811442,0.607210291244962,1.1605404948350042,27.164518813544404,0.86625
2010-10-04,1388,29.599333333333337,0,1440,1.0,True,10.683,2010,277,1.1000556916224375,0.840738430454537,0.9539146370138042,22.214741741250595,0.888125
2010-10-05,1389,30.9104,1,1440,1.0,True,15.049,2010,278,0.7128485559342818,0.7465337243694107,1.0790829672431572,24.173704062343273,0.870625
2010-10-06,1390,21.924266666666664,2,1440,1.0,True,9.598,2010,279,-0.946233238252276,0.19279083521522444,1.013858124751132,24.69658621294327,0.846875
2010-10-07,1391,30.1659,3,1440,1.0,True,15.368,2010,280,1.5999851724212752,0.9173406673076347,0.8261832537245937,22.267433913889864,0.8675
2010-10-08,1392,25.174266666666664,4,1440,1.0,True,11.601,2010,281,-0.3438219658929015,0.37252345972039064,1.1581532666645944,24.118588493292,0.9175
2010-10-09,1393,26.863,5,1440,1.0,True,15.676,2010,282,-0.44572523611702913,0.33721238738458753,1.1191847787657752,28.951717195827325,0.90875
2010-10-10,1394,33.31506666666667,6,1440,1.0,True,14.395,2010,283,0.96632664649582,0.811924138737024,1.0117264279327356,28.698553960482585,0.818125
2010-10-11,1395,27.043166666666664,0,1440,1.0,True,14.747,2010,284,0.282118168586231,0.6053491656798887,1.1787621888006106,23.74810151315659,0.713125
2010-10-12,1396,26.3282,1,1440,1.0,True,11.696,2010,285,-0.10849110910206457,0.4589502482645856,1.165867291749455,25.70542570518448,0.805625
2010-10-13,1397,34.564766666666664,2,1440,1.0,True,19.192,2010,286,1.4559741986564396,0.8997590592238904,0.8699804553831928,26.225710337077693,0.786875
2010-10-14,1398,35.585366666666665,3,1440,1.0,True,19.263,2010,287,1.5529340519955954,0.9118184234580743,0.8261831118713598,23.793005376225278,0.811875
2010-10-15,1399,26.6054,4,1440,1.0,True,12.325,2010,288,-0.6208628894517364,0.28086267102542495,1.1097098699957133,25.63965727406552,0.738125
2010-10-16,1400,16.666900000000002,5,1440,1.0,True,8.301,2010,289,-2.538826369703001,0.02349083864439951,0.5594655251002405,30.467339269041982,0.74125
2010-10-17,1401,17.456366666666668,6,1440,1.0,True,6.342,2010,290,-1.3611121649610993,0.11422232679161906,0.9059267689147964,30.20779215704753,0.795625
2010-10-18,1402,45.2314,0,1440,1.0,True,28.834,2010,291,4.4385557465640435,0.9974308230577263,0.26539904130564534,25.25002637577813,0.81875
2010-10-19,1403,32.09963333333334,1,1440,1.0,True,14.596,2010,292,-0.4607328018636365,0.3328882613897787,1.1151670030597598,27.19911633407601,0.746875
2010-10-20,1404,28.7994,2,1440,1.0,True,13.174,2010,293,-0.13032583714583654,0.45075462052257914,1.1686955070309342,27.71025522556118,0.63125
2010-10-21,1405,22.586633333333335,3,1440,1.0,True,8.203,2010,294,-0.55493315797019,0.301188720561711,1.1012284127390013,25.267503235304837,0.466875
2010-10-22,1406,27.814866666666667,4,1440,1.0,True,14.281,2010,295,0.30468203257309534,0.6135803382101649,1.1519521847832948,27.10321784507865,0.328125
2010-10-23,1407,38.2206,5,1440,1.0,True,21.085,2010,296,1.0818620861621853,0.8370036066644084,0.9855561658507213,31.919084123497758,0.250625
2010-10-24,1408,39.84246666666666,6,1439,0.9993055555555556,True,22.76,2010,297,1.0455778035345242,0.8292688135430659,0.9792690000962466,31.64685548277494,0.405625
2010-10-25,1409,19.3882,0,1440,1.0,True,7.289,2010,298,-1.854468978081242,0.05874180361682853,0.7466128693870269,26.67555574853853,0.4375
2010-10-26,1410,15.765066666666666,1,1440,1.0,True,7.477,2010,299,-1.8123999620715394,0.06213825866242494,0.7508097663358785,28.610273473791306,0.22125
2010-10-27,1411,21.004633333333334,2,1440,1.0,True,10.327,2010,300,-0.587257581027438,0.2914042714567434,1.12193429808598,29.106216736340745,0.123125
2010-10-28,1412,24.388766666666665,3,1440,1.0,True,12.817,2010,301,0.1374417372278203,0.5519060340238949,1.1870778421591968,26.647461328469493,0.079375
2010-10-29,1413,20.0737,4,1440,1.0,True,5.712,2010,302,-1.3554757685564929,0.11445182205355012,0.8822452610824257,28.466381044399082,0.163125
2010-10-30,1414,35.87833333333333,5,1440,1.0,True,18.27,2010,303,1.0316717407420215,0.8262810168356031,0.9895559966820292,33.264677951884245,0.161875
2010-10-31,1415,24.607166666666668,6,1440,1.0,True,7.697,2010,304,-1.6758388703940919,0.07481289869212376,0.7891398084140383,32.97412312968393,0.115625
2010-11-01,1416,23.053,0,1440,1.0,True,9.38,2010,305,-0.320867740438048,0.38076954092681153,1.1522386692930013,27.983758717373057,0.055625
2010-11-02,1417,19.851366666666667,1,1440,1.0,True,6.358,2010,306,-1.4687956930721404,0.09859840019960306,0.8522488487209193,29.898692208607574,0.08875
2010-11-03,1418,21.554966666666665,2,1440,1.0,True,8.658,2010,307,-0.9034382282170121,0.2031836374156711,1.0322522013704292,30.374151227187976,0.155625
2010-11-04,1419,42.58576666666667,3,1440,1.0,True,27.508,2010,308,3.2241544376733073,0.9901034954283664,0.4050275721389335,27.89423169472084,0.22375
2010-11-05,1420,28.9348,4,1440,1.0,True,13.4,2010,309,-1.1235388243060305,0.15503329669139082,0.9411267003347166,29.691328095453986,0.24625
2010-11-06,1421,30.09013333333333,5,1440,1.0,True,13.738,2010,310,-0.7335792436306343,0.2476456922397537,1.0601892804075033,34.46716372465019,0.3
2010-11-07,1422,27.896933333333333,6,1440,1.0,True,8.59,2010,311,-0.8285075066540384,0.22205900010964022,1.0238972164923326,34.153531402276,0.276875
2010-11-08,1423,30.425666666666665,0,1440,1.0,True,14.68,2010,312,0.6520920081258711,0.7286949406996999,1.0914462627982722,29.139495498490646,0.330625
2010-11-09,1424,33.701633333333334,1,1440,1.0,True,15.18,2010,313,0.39418961278788806,0.6451435421930093,1.1341244161268695,31.03018620207995,0.371875
2010-11-10,1425,32.442233333333334,2,1440,1.0,True,20.192,2010,314,-0.0032978416787822545,0.4987422189629232,1.1708662112895398,31.480854271210525,0.3975
2010-11-11,1426,29.559866666666668,3,1440,1.0,True,11.899,2010,315,0.03931343348371936,0.5148932929774449,1.2007399663515388,28.975619175331857,0.4275
2010-11-12,1427,30.6137,4,1440,1.0,True,12.851,2010,316,-0.0654305225123009,0.475184657265438,1.211529179713689,30.746899333830992,0.2775
2010-11-13,1428,33.719566666666665,5,1440,1.0,True,15.493,2010,317,-0.30924433385601696,0.3849104794593429,1.138124934618827,35.49644233783689,0.246875
2010-11-14,1429,33.9732,6,1440,1.0,True,14.651,2010,318,-0.09337921890300686,0.46469593557729416,1.1720560943195597,35.15606563698191,0.279375
2010-11-15,1430,29.123033333333336,0,1440,1.0,True,14.215,2010,319,-0.09656427763664605,0.4634482831116343,1.18664958816953,30.114858537632394,0.17125
2010-11-16,1431,25.162466666666667,1,1440,1.0,True,8.427,2010,320,-1.1535803241629732,0.14880015955255896,0.9654619174869731,31.977976443775304,0.1975
2010-11-17,1432,26.3672,2,1440,1.0,True,10.559,2010,321,-0.6207772464143799,0.2808531588624737,1.0827906141045969,32.40069557995634,0.136875
2010-11-18,1433,27.535866666666667,3,1440,1.0,True,12.113,2010,322,-0.01409241744326939,0.49464749569654176,1.157270659962669,29.86716110513559,0.115625
2010-11-19,1434,26.173333333333336,4,1440,1.0,True,12.397,2010,323,-0.8205042518292249,0.22385462568871817,1.049711945473682,31.60981732310191,0.09
2010-11-20,1435,36.61676666666666,5,1440,1.0,True,18.747,2010,324,0.4163391027959241,0.6526115541761942,1.1208559471170885,36.330437875864206,
2010-11-21,1436,15.015166666666666,6,1440,1.0,True,5.284,2010,325,-3.774417643789653,0.005213065533713316,0.3393014297599439,35.96086640187099,
2010-11-22,1437,34.025600000000004,0,1440,1.0,True,17.101,2010,326,1.9689339469104565,0.9492934524122805,0.7037485609645955,30.890218505602263,
2010-11-23,1438,26.292266666666663,1,1440,1.0,True,9.94,2010,327,-1.361604272025609,0.11367230106062404,0.8702664873329923,32.723675969744306,
2010-11-24,1439,29.93746666666667,2,1440,1.0,True,16.168,2010,328,-0.1348991295055178,0.4490731903195535,1.1711159936198965,33.11654144938976,
2010-11-25,1440,23.852733333333333,3,1440,1.0,True,6.574,2010,329,-0.9887715043907771,0.18295975409734588,0.9789603297878057,30.552986557152447,
